"Guid","AccountSource","AnnualRevenue","BillingCity","BillingCountry","BillingGeocodeAccuracy","BillingLatitude","BillingLongitude","BillingPostalCode","BillingState","BillingStreet","CompanyEmail__c","Description","Fax","Industry","Jigsaw","Name","NumberOfEmployees","ParentId","Phone","SBQQ__AssetQuantitiesCombined__c","SBQQ__CoTermedContractsCombined__c","SBQQ__CoTerminationEvent__c","SBQQ__ContractCoTermination__c","SBQQ__IgnoreParentContractedPrices__c","SBQQ__PreserveBundle__c","SBQQ__PriceHoldEnd__c","SBQQ__RenewalModel__c","SBQQ__RenewalPricingMethod__c","SBQQ__TaxExempt__c","ShippingCity","ShippingCountry","ShippingGeocodeAccuracy","ShippingLatitude","ShippingLongitude","ShippingPostalCode","ShippingState","ShippingStreet","SicDesc","TestNumber__c","Test_Email__c","Test_Required_Field__c","Type","Website"
04485f78-5b6e-4ae9-a1d7-e1a4c9c2b960,"#N/A","#N/A","#N/A","#N/A","#N/A","#N/A","#N/A","#N/A","#N/A","#N/A","#N/A","#N/A","#N/A","#N/A","#N/A",Test Account 5,"#N/A","#N/A","#N/A",false,false,"#N/A",Never,false,false,"#N/A","#N/A",Same,No,"#N/A","#N/A","#N/A","#N/A","#N/A","#N/A","#N/A","#N/A","#N/A","#N/A","#N/A","#N/A","#N/A","#N/A"
059154c9-fb76-4c45-9fd2-2da96ef80fa7,"#N/A","#N/A","#N/A","#N/A","#N/A","#N/A","#N/A","#N/A","#N/A","#N/A","#N/A","#N/A","#N/A","#N/A","#N/A",Test Account 9,"#N/A","#N/A","#N/A",false,false,"#N/A","#N/A",false,false,"#N/A","#N/A","#N/A","#N/A","#N/A","#N/A","#N/A","#N/A","#N/A","#N/A","#N/A","#N/A","#N/A","#N/A","#N/A","#N/A","#N/A","#N/A"
05d517bc-4e0d-4a4a-b090-d00302d0817a,"#N/A",5555.0,"#N/A","#N/A","#N/A","#N/A","#N/A","#N/A","#N/A","#N/A","#N/A","#N/A","#N/A",Government,"#N/A",Test Account 7,50,"#N/A",(656) 565-6565,false,false,"#N/A",Never,false,false,"#N/A","#N/A",Same,No,"#N/A","#N/A","#N/A","#N/A","#N/A","#N/A","#N/A","#N/A","#N/A","#N/A","#N/A","#N/A",Analyst,www.google.com
06099e35-447c-4959-bf88-cf8904d04d88,"#N/A","#N/A","#N/A","#N/A","#N/A","#N/A","#N/A","#N/A","#N/A","#N/A","#N/A","#N/A","#N/A","#N/A","#N/A",SBI Test Account,"#N/A","#N/A","#N/A",false,false,"#N/A","#N/A",false,false,"#N/A","#N/A","#N/A","#N/A","#N/A","#N/A","#N/A","#N/A","#N/A","#N/A","#N/A","#N/A","#N/A","#N/A","#N/A","#N/A","#N/A","#N/A"
0823ff9a-eec1-4881-8f90-4048fe48939f,"#N/A","#N/A","#N/A","#N/A","#N/A","#N/A","#N/A","#N/A","#N/A","#N/A","#N/A","#N/A","#N/A","#N/A","#N/A",Test Account 9,"#N/A","#N/A","#N/A",false,false,"#N/A",Never,false,true,"#N/A",Contract Based,Same,No,"#N/A","#N/A","#N/A","#N/A","#N/A","#N/A","#N/A","#N/A","#N/A","#N/A","#N/A","#N/A","#N/A","#N/A"
08fcefe0-7dc3-4e0c-9f12-05f5b9b2b3ff,"#N/A","#N/A","#N/A","#N/A","#N/A","#N/A","#N/A","#N/A","#N/A","#N/A","#N/A","#N/A","#N/A","#N/A","#N/A",SBI Test Account,"#N/A","#N/A","#N/A",false,false,"#N/A","#N/A",false,false,"#N/A","#N/A","#N/A","#N/A","#N/A","#N/A","#N/A","#N/A","#N/A","#N/A","#N/A","#N/A","#N/A","#N/A","#N/A","#N/A","#N/A","#N/A"
0d04ee53-d09b-4a7b-846f-f2e4f7625b24,"#N/A","#N/A","#N/A","#N/A","#N/A","#N/A","#N/A","#N/A","#N/A","#N/A","#N/A","#N/A","#N/A","#N/A","#N/A",Test Account 8,"#N/A","#N/A","#N/A",false,false,"#N/A","#N/A",false,false,"#N/A","#N/A","#N/A","#N/A","#N/A","#N/A","#N/A","#N/A","#N/A","#N/A","#N/A","#N/A","#N/A","#N/A","#N/A","#N/A","#N/A","#N/A"
0fecc6ef-b103-4fb5-a5da-3f7b007ed6b0,"#N/A","#N/A","#N/A","#N/A","#N/A","#N/A","#N/A","#N/A","#N/A","#N/A","#N/A","#N/A","#N/A","#N/A","#N/A",Test Account 8,"#N/A","#N/A","#N/A",false,false,"#N/A","#N/A",false,false,"#N/A","#N/A","#N/A","#N/A","#N/A","#N/A","#N/A","#N/A","#N/A","#N/A","#N/A","#N/A","#N/A","#N/A","#N/A","#N/A","#N/A","#N/A"
1156527f-9700-4b62-83dd-f25d1a3ff5c4,"#N/A","#N/A","#N/A","#N/A","#N/A","#N/A","#N/A","#N/A","#N/A","#N/A","#N/A","#N/A","#N/A","#N/A","#N/A",Test Account 8,"#N/A","#N/A","#N/A",false,false,"#N/A",Never,false,true,"#N/A",Contract Based,Same,No,"#N/A","#N/A","#N/A","#N/A","#N/A","#N/A","#N/A","#N/A","#N/A","#N/A","#N/A","#N/A","#N/A","#N/A"
13b36152-b685-4956-a001-b575b73fff5c,"#N/A",5555.0,"#N/A","#N/A","#N/A","#N/A","#N/A","#N/A","#N/A","#N/A","#N/A","#N/A","#N/A",Government,"#N/A",Test Account 7,50,"#N/A",(656) 565-6565,false,false,"#N/A","#N/A",false,false,"#N/A","#N/A","#N/A","#N/A","#N/A","#N/A","#N/A","#N/A","#N/A","#N/A","#N/A","#N/A","#N/A","#N/A","#N/A","#N/A",Analyst,www.google.com
140d9aa4-1958-493f-876b-1981ef53c3ff,"#N/A","#N/A","#N/A","#N/A","#N/A","#N/A","#N/A","#N/A","#N/A","#N/A","#N/A","#N/A","#N/A","#N/A","#N/A",Test Account 10,"#N/A","#N/A","#N/A",false,false,"#N/A",Never,false,true,"#N/A",Contract Based,Same,No,"#N/A","#N/A","#N/A","#N/A","#N/A","#N/A","#N/A","#N/A","#N/A","#N/A","#N/A","#N/A","#N/A","#N/A"
15251de8-1be4-47cd-bf57-ded27727771b,"#N/A","#N/A","#N/A","#N/A","#N/A","#N/A","#N/A","#N/A","#N/A","#N/A","#N/A","#N/A","#N/A",Insurance,"#N/A",Test Account 6,50,"#N/A",(773) 748-2074,false,false,"#N/A","#N/A",false,false,"#N/A","#N/A","#N/A","#N/A","#N/A","#N/A","#N/A","#N/A","#N/A","#N/A","#N/A","#N/A","#N/A","#N/A","#N/A","#N/A","#N/A",www.google.com
16c8e056-052e-4526-8829-d1b515281295,"#N/A","#N/A","#N/A","#N/A","#N/A","#N/A","#N/A","#N/A","#N/A","#N/A","#N/A","#N/A","#N/A",Insurance,"#N/A",Test Account 6,50,"#N/A",(773) 748-2074,false,false,"#N/A",Never,false,true,"#N/A",Contract Based,Same,No,"#N/A","#N/A","#N/A","#N/A","#N/A","#N/A","#N/A","#N/A","#N/A","#N/A","#N/A","#N/A","#N/A",www.google.com
175c63b7-c887-4e3c-9c31-cae4298e0d77,"#N/A","#N/A","#N/A","#N/A","#N/A","#N/A","#N/A","#N/A","#N/A","#N/A","#N/A","#N/A","#N/A","#N/A","#N/A",Test Account 9,"#N/A","#N/A","#N/A",false,false,"#N/A",Never,false,true,"#N/A",Contract Based,Same,No,"#N/A","#N/A","#N/A","#N/A","#N/A","#N/A","#N/A","#N/A","#N/A","#N/A","#N/A","#N/A","#N/A","#N/A"
191f37d1-ec3a-44f8-98e9-63f2b2b239eb,"#N/A","#N/A","#N/A","#N/A","#N/A","#N/A","#N/A","#N/A","#N/A","#N/A","#N/A","#N/A","#N/A","#N/A","#N/A",Test Account 9,"#N/A","#N/A","#N/A",false,false,"#N/A",Never,false,true,"#N/A",Contract Based,Same,No,"#N/A","#N/A","#N/A","#N/A","#N/A","#N/A","#N/A","#N/A","#N/A","#N/A","#N/A","#N/A","#N/A","#N/A"
19602bc5-8253-4cf5-9d84-c6aca3c904c8,"#N/A","#N/A","#N/A","#N/A","#N/A","#N/A","#N/A","#N/A","#N/A","#N/A","#N/A","#N/A","#N/A","#N/A","#N/A",Test Account 5,"#N/A","#N/A","#N/A",false,false,"#N/A",Never,false,false,"#N/A","#N/A",Same,No,"#N/A","#N/A","#N/A","#N/A","#N/A","#N/A","#N/A","#N/A","#N/A","#N/A","#N/A","#N/A","#N/A","#N/A"
1a7c85a6-df5e-4d8a-9cb3-83a88dacc9b4,"#N/A",5555.0,"#N/A","#N/A","#N/A","#N/A","#N/A","#N/A","#N/A","#N/A","#N/A","#N/A","#N/A",Government,"#N/A",Test Account 7,50,"#N/A",(656) 565-6565,false,false,"#N/A",Never,false,false,"#N/A","#N/A",Same,No,"#N/A","#N/A","#N/A","#N/A","#N/A","#N/A","#N/A","#N/A","#N/A","#N/A","#N/A","#N/A",Analyst,www.google.com
1b4f7ae3-f3b1-4b04-a344-0f2f07e06d62,"#N/A","#N/A","#N/A","#N/A","#N/A","#N/A","#N/A","#N/A","#N/A","#N/A","#N/A","#N/A","#N/A","#N/A","#N/A",Test Account 5,"#N/A","#N/A","#N/A",false,false,"#N/A","#N/A",false,false,"#N/A","#N/A","#N/A","#N/A","#N/A","#N/A","#N/A","#N/A","#N/A","#N/A","#N/A","#N/A","#N/A","#N/A","#N/A","#N/A","#N/A","#N/A"
1ba6abdb-f2fb-4402-8d5d-b731295d9907,"#N/A","#N/A","#N/A","#N/A","#N/A","#N/A","#N/A","#N/A","#N/A","#N/A","#N/A","#N/A","#N/A","#N/A","#N/A",Test Account 12,"#N/A","#N/A","#N/A",false,false,"#N/A",Never,false,true,"#N/A",Contract Based,Same,No,"#N/A","#N/A","#N/A","#N/A","#N/A","#N/A","#N/A","#N/A","#N/A","#N/A","#N/A","#N/A","#N/A","#N/A"
1d50add9-431f-43db-abed-7443575c2474,"#N/A","#N/A","#N/A","#N/A","#N/A","#N/A","#N/A","#N/A","#N/A","#N/A","#N/A","#N/A","#N/A","#N/A","#N/A",Test Account 12,"#N/A","#N/A","#N/A",false,false,"#N/A","#N/A",false,false,"#N/A","#N/A","#N/A","#N/A","#N/A","#N/A","#N/A","#N/A","#N/A","#N/A","#N/A","#N/A","#N/A","#N/A","#N/A","#N/A","#N/A","#N/A"
20579541-73aa-48d8-9835-afa1a9362c4d,"#N/A",5555.0,"#N/A","#N/A","#N/A","#N/A","#N/A","#N/A","#N/A","#N/A","#N/A","#N/A","#N/A",Government,"#N/A",Test Account 7,50,"#N/A",(656) 565-6565,false,false,"#N/A",Never,false,false,"#N/A","#N/A",Same,No,"#N/A","#N/A","#N/A","#N/A","#N/A","#N/A","#N/A","#N/A","#N/A","#N/A","#N/A","#N/A",Analyst,www.google.com
2247cd1f-9718-4b79-9214-d574310513a6,"#N/A","#N/A","#N/A","#N/A","#N/A","#N/A","#N/A","#N/A","#N/A","#N/A","#N/A","#N/A","#N/A","#N/A","#N/A",Test Account 12,"#N/A","#N/A","#N/A",false,false,"#N/A",Never,false,true,"#N/A",Contract Based,Same,No,"#N/A","#N/A","#N/A","#N/A","#N/A","#N/A","#N/A","#N/A","#N/A","#N/A","#N/A","#N/A","#N/A","#N/A"
23c14a15-5417-4a21-a378-7c0f2c07af0d,"#N/A",5555.0,"#N/A","#N/A","#N/A","#N/A","#N/A","#N/A","#N/A","#N/A","#N/A","#N/A","#N/A",Government,"#N/A",Test Account 7,50,"#N/A",(656) 565-6565,false,false,"#N/A",Never,false,false,"#N/A","#N/A",Same,No,"#N/A","#N/A","#N/A","#N/A","#N/A","#N/A","#N/A","#N/A","#N/A","#N/A","#N/A","#N/A",Analyst,www.google.com
24064350-915f-4858-a82d-9a0d32a070bc,"#N/A","#N/A","#N/A","#N/A","#N/A","#N/A","#N/A","#N/A","#N/A","#N/A","#N/A","#N/A","#N/A",Insurance,"#N/A",Test Account 6,50,"#N/A",(773) 748-2074,false,false,"#N/A",Never,false,true,"#N/A",Contract Based,Same,No,"#N/A","#N/A","#N/A","#N/A","#N/A","#N/A","#N/A","#N/A","#N/A","#N/A","#N/A","#N/A","#N/A",www.google.com
25d01aca-b88e-4bc2-a6c5-5ec2acfd02e4,"#N/A",5555.0,"#N/A","#N/A","#N/A","#N/A","#N/A","#N/A","#N/A","#N/A","#N/A","#N/A","#N/A",Government,"#N/A",Test Account 7,50,"#N/A",(656) 565-6565,false,false,"#N/A","#N/A",false,false,"#N/A","#N/A","#N/A","#N/A","#N/A","#N/A","#N/A","#N/A","#N/A","#N/A","#N/A","#N/A","#N/A","#N/A","#N/A","#N/A",Analyst,www.google.com
26ae9e35-4489-4877-bd23-931b6f8333a0,"#N/A",5555.0,"#N/A","#N/A","#N/A","#N/A","#N/A","#N/A","#N/A","#N/A","#N/A","#N/A","#N/A",Government,"#N/A",Test Account 7,50,"#N/A",(656) 565-6565,false,false,"#N/A","#N/A",false,false,"#N/A","#N/A","#N/A","#N/A","#N/A","#N/A","#N/A","#N/A","#N/A","#N/A","#N/A","#N/A","#N/A","#N/A","#N/A","#N/A",Analyst,www.google.com
2760e849-5701-444b-acd8-a60e2609c4a6,"#N/A","#N/A","#N/A","#N/A","#N/A","#N/A","#N/A","#N/A","#N/A","#N/A","#N/A","#N/A","#N/A","#N/A","#N/A",Test Account 8,"#N/A","#N/A","#N/A",false,false,"#N/A","#N/A",false,false,"#N/A","#N/A","#N/A","#N/A","#N/A","#N/A","#N/A","#N/A","#N/A","#N/A","#N/A","#N/A","#N/A","#N/A","#N/A","#N/A","#N/A","#N/A"
2893530e-9aa3-485f-a39f-c12ac8bec0ac,"#N/A","#N/A","#N/A","#N/A","#N/A","#N/A","#N/A","#N/A","#N/A","#N/A","#N/A","#N/A","#N/A",Insurance,"#N/A",Test Account 6,50,"#N/A",(773) 748-2074,false,false,"#N/A","#N/A",false,false,"#N/A","#N/A","#N/A","#N/A","#N/A","#N/A","#N/A","#N/A","#N/A","#N/A","#N/A","#N/A","#N/A","#N/A","#N/A","#N/A","#N/A",www.google.com
2e292de5-eb84-414c-83c6-29457f11a625,"#N/A","#N/A","#N/A","#N/A","#N/A","#N/A","#N/A","#N/A","#N/A","#N/A","#N/A","#N/A","#N/A",Insurance,"#N/A",Test Account 6,50,"#N/A",(773) 748-2074,false,false,"#N/A",Never,false,true,"#N/A",Contract Based,Same,No,"#N/A","#N/A","#N/A","#N/A","#N/A","#N/A","#N/A","#N/A","#N/A","#N/A","#N/A","#N/A","#N/A",www.google.com
304a5e0d-d135-4876-8e46-84b72385287b,"#N/A","#N/A","#N/A","#N/A","#N/A","#N/A","#N/A","#N/A","#N/A","#N/A","#N/A","#N/A","#N/A","#N/A","#N/A",Test Account 12,"#N/A","#N/A","#N/A",false,false,"#N/A","#N/A",false,false,"#N/A","#N/A","#N/A","#N/A","#N/A","#N/A","#N/A","#N/A","#N/A","#N/A","#N/A","#N/A","#N/A","#N/A","#N/A","#N/A","#N/A","#N/A"
30f4b0a3-3916-4239-9513-efd64e0a3883,"#N/A",5555.0,"#N/A","#N/A","#N/A","#N/A","#N/A","#N/A","#N/A","#N/A","#N/A","#N/A","#N/A",Government,"#N/A",Test Account 7,50,"#N/A",(656) 565-6565,false,false,"#N/A","#N/A",false,false,"#N/A","#N/A","#N/A","#N/A","#N/A","#N/A","#N/A","#N/A","#N/A","#N/A","#N/A","#N/A","#N/A","#N/A","#N/A","#N/A",Analyst,www.google.com
313e3ed4-9131-427c-a8d4-1f0fcf88013f,"#N/A","#N/A","#N/A","#N/A","#N/A","#N/A","#N/A","#N/A","#N/A","#N/A","#N/A","#N/A","#N/A","#N/A","#N/A",Test Account 10,"#N/A","#N/A","#N/A",false,false,"#N/A",Never,false,true,"#N/A",Contract Based,Same,No,"#N/A","#N/A","#N/A","#N/A","#N/A","#N/A","#N/A","#N/A","#N/A","#N/A","#N/A","#N/A","#N/A","#N/A"
3178e3c2-2876-413d-a73d-717e2081cf2a,"#N/A",5555.0,"#N/A","#N/A","#N/A","#N/A","#N/A","#N/A","#N/A","#N/A","#N/A","#N/A","#N/A",Government,"#N/A",Test Account 7,50,"#N/A",(656) 565-6565,false,false,"#N/A",Never,false,false,"#N/A","#N/A",Same,No,"#N/A","#N/A","#N/A","#N/A","#N/A","#N/A","#N/A","#N/A","#N/A","#N/A","#N/A","#N/A",Analyst,www.google.com
31d14ec9-6dbd-42c2-abf8-e1fd80bbdb3b,"#N/A","#N/A","#N/A","#N/A","#N/A","#N/A","#N/A","#N/A","#N/A","#N/A","#N/A","#N/A","#N/A","#N/A","#N/A",Test Account 9,"#N/A","#N/A","#N/A",false,false,"#N/A",Never,false,true,"#N/A",Contract Based,Same,No,"#N/A","#N/A","#N/A","#N/A","#N/A","#N/A","#N/A","#N/A","#N/A","#N/A","#N/A","#N/A","#N/A","#N/A"
32e76d02-0b6c-4070-87d7-d7344c8fd73a,"#N/A","#N/A","#N/A","#N/A","#N/A","#N/A","#N/A","#N/A","#N/A","#N/A","#N/A","#N/A","#N/A","#N/A","#N/A",Test Account 8,"#N/A","#N/A","#N/A",false,false,"#N/A",Never,false,true,"#N/A",Contract Based,Same,No,"#N/A","#N/A","#N/A","#N/A","#N/A","#N/A","#N/A","#N/A","#N/A","#N/A","#N/A","#N/A","#N/A","#N/A"
3307566b-fc3c-4d37-b90d-f46c39ae152d,"#N/A","#N/A","#N/A","#N/A","#N/A","#N/A","#N/A","#N/A","#N/A","#N/A","#N/A","#N/A","#N/A",Insurance,"#N/A",Test Account 6,50,"#N/A",(773) 748-2074,false,false,"#N/A",Never,false,true,"#N/A",Contract Based,Same,No,"#N/A","#N/A","#N/A","#N/A","#N/A","#N/A","#N/A","#N/A","#N/A","#N/A","#N/A","#N/A","#N/A",www.google.com
33d30b3d-f269-41f9-b39f-08698e98d8cc,"#N/A","#N/A","#N/A","#N/A","#N/A","#N/A","#N/A","#N/A","#N/A","#N/A","#N/A","#N/A","#N/A","#N/A","#N/A",Test Account 10,"#N/A","#N/A","#N/A",false,false,"#N/A","#N/A",false,false,"#N/A","#N/A","#N/A","#N/A","#N/A","#N/A","#N/A","#N/A","#N/A","#N/A","#N/A","#N/A","#N/A","#N/A","#N/A","#N/A","#N/A","#N/A"
348fb3a0-80b3-47c1-8552-7f2c7df1326d,"#N/A","#N/A","#N/A","#N/A","#N/A","#N/A","#N/A","#N/A","#N/A","#N/A","#N/A","#N/A","#N/A","#N/A","#N/A",Test Account 9,"#N/A","#N/A","#N/A",false,false,"#N/A","#N/A",false,false,"#N/A","#N/A","#N/A","#N/A","#N/A","#N/A","#N/A","#N/A","#N/A","#N/A","#N/A","#N/A","#N/A","#N/A","#N/A","#N/A","#N/A","#N/A"
34bfd6c8-b586-4971-9f89-5eb3c2518a01,"#N/A","#N/A","#N/A","#N/A","#N/A","#N/A","#N/A","#N/A","#N/A","#N/A","#N/A","#N/A","#N/A","#N/A","#N/A",Test Account 10,"#N/A","#N/A","#N/A",false,false,"#N/A",Never,false,true,"#N/A",Contract Based,Same,No,"#N/A","#N/A","#N/A","#N/A","#N/A","#N/A","#N/A","#N/A","#N/A","#N/A","#N/A","#N/A","#N/A","#N/A"
35bea733-a215-4055-b162-a2aafe85c9bc,"#N/A","#N/A","#N/A","#N/A","#N/A","#N/A","#N/A","#N/A","#N/A","#N/A","#N/A","#N/A","#N/A","#N/A","#N/A",Test Account 10,"#N/A","#N/A","#N/A",false,false,"#N/A",Never,false,true,"#N/A",Contract Based,Same,No,"#N/A","#N/A","#N/A","#N/A","#N/A","#N/A","#N/A","#N/A","#N/A","#N/A","#N/A","#N/A","#N/A","#N/A"
366a97af-e1f1-4518-87ca-f331d33e10fa,"#N/A","#N/A","#N/A","#N/A","#N/A","#N/A","#N/A","#N/A","#N/A","#N/A","#N/A","#N/A","#N/A","#N/A","#N/A",Test Account 9,"#N/A","#N/A","#N/A",false,false,"#N/A",Never,false,true,"#N/A",Contract Based,Same,No,"#N/A","#N/A","#N/A","#N/A","#N/A","#N/A","#N/A","#N/A","#N/A","#N/A","#N/A","#N/A","#N/A","#N/A"
370909d3-8e5d-4444-ab34-9e66f86b9009,"#N/A","#N/A","#N/A","#N/A","#N/A","#N/A","#N/A","#N/A","#N/A","#N/A","#N/A","#N/A","#N/A","#N/A","#N/A",Test Account 12,"#N/A","#N/A","#N/A",false,false,"#N/A","#N/A",false,false,"#N/A","#N/A","#N/A","#N/A","#N/A","#N/A","#N/A","#N/A","#N/A","#N/A","#N/A","#N/A","#N/A","#N/A","#N/A","#N/A","#N/A","#N/A"
37b25b46-5937-40d3-af56-31a92e6d9132,"#N/A","#N/A","#N/A","#N/A","#N/A","#N/A","#N/A","#N/A","#N/A","#N/A","#N/A","#N/A","#N/A","#N/A","#N/A",Test Account 10,"#N/A","#N/A","#N/A",false,false,"#N/A",Never,false,true,"#N/A",Contract Based,Same,No,"#N/A","#N/A","#N/A","#N/A","#N/A","#N/A","#N/A","#N/A","#N/A","#N/A","#N/A","#N/A","#N/A","#N/A"
38734c36-b035-475d-9543-4e1c41b1508f,"#N/A","#N/A","#N/A","#N/A","#N/A","#N/A","#N/A","#N/A","#N/A","#N/A","#N/A","#N/A","#N/A","#N/A","#N/A",Test Account 10,"#N/A","#N/A","#N/A",false,false,"#N/A",Never,false,true,"#N/A",Contract Based,Same,No,"#N/A","#N/A","#N/A","#N/A","#N/A","#N/A","#N/A","#N/A","#N/A","#N/A","#N/A","#N/A","#N/A","#N/A"
392d48fc-0685-4bf0-b265-bb9c9bb3da66,"#N/A","#N/A","#N/A","#N/A","#N/A","#N/A","#N/A","#N/A","#N/A","#N/A","#N/A","#N/A","#N/A",Insurance,"#N/A",Test Account 6,50,"#N/A",(773) 748-2074,false,false,"#N/A",Never,false,true,"#N/A",Contract Based,Same,No,"#N/A","#N/A","#N/A","#N/A","#N/A","#N/A","#N/A","#N/A","#N/A","#N/A","#N/A","#N/A","#N/A",www.google.com
39fe6150-6595-4fd4-8f50-7a42819fa021,"#N/A",5555.0,"#N/A","#N/A","#N/A","#N/A","#N/A","#N/A","#N/A","#N/A","#N/A","#N/A","#N/A",Government,"#N/A",Test Account 7,50,"#N/A",(656) 565-6565,false,false,"#N/A",Never,false,false,"#N/A","#N/A",Same,No,"#N/A","#N/A","#N/A","#N/A","#N/A","#N/A","#N/A","#N/A","#N/A","#N/A","#N/A","#N/A",Analyst,www.google.com
3cb7ff57-dc90-4b5a-ace6-4d1eac9006fb,"#N/A","#N/A","#N/A","#N/A","#N/A","#N/A","#N/A","#N/A","#N/A","#N/A","#N/A","#N/A","#N/A","#N/A","#N/A",Test Account 5,"#N/A","#N/A","#N/A",false,false,"#N/A",Never,false,true,"#N/A","#N/A",Same,No,"#N/A","#N/A","#N/A","#N/A","#N/A","#N/A","#N/A","#N/A","#N/A","#N/A","#N/A","#N/A","#N/A","#N/A"
3eb30fa6-d21c-402e-b2b0-4c9a93d4a47c,"#N/A","#N/A","#N/A","#N/A","#N/A","#N/A","#N/A","#N/A","#N/A","#N/A","#N/A","#N/A","#N/A","#N/A","#N/A",Test Account 8,"#N/A","#N/A","#N/A",false,false,"#N/A",Never,false,true,"#N/A",Contract Based,Same,No,"#N/A","#N/A","#N/A","#N/A","#N/A","#N/A","#N/A","#N/A","#N/A","#N/A","#N/A","#N/A","#N/A","#N/A"
3f2fb4cd-4f9c-4481-996e-2c9f928d15aa,"#N/A","#N/A","#N/A","#N/A","#N/A","#N/A","#N/A","#N/A","#N/A","#N/A","#N/A","#N/A","#N/A","#N/A","#N/A",Test Account 8,"#N/A","#N/A","#N/A",false,false,"#N/A",Never,false,true,"#N/A",Contract Based,Same,No,"#N/A","#N/A","#N/A","#N/A","#N/A","#N/A","#N/A","#N/A","#N/A","#N/A","#N/A","#N/A","#N/A","#N/A"
3f9a8af0-ae72-4293-8d5b-a3070233d016,"#N/A","#N/A","#N/A","#N/A","#N/A","#N/A","#N/A","#N/A","#N/A","#N/A","#N/A","#N/A","#N/A","#N/A","#N/A",Test Account 9,"#N/A","#N/A","#N/A",false,false,"#N/A",Never,false,true,"#N/A",Contract Based,Same,No,"#N/A","#N/A","#N/A","#N/A","#N/A","#N/A","#N/A","#N/A","#N/A","#N/A","#N/A","#N/A","#N/A","#N/A"
418c374e-d62f-4da7-aeea-66f1e7ca6ad9,"#N/A","#N/A","#N/A","#N/A","#N/A","#N/A","#N/A","#N/A","#N/A","#N/A","#N/A","#N/A","#N/A","#N/A","#N/A",Test Account 9,"#N/A","#N/A","#N/A",false,false,"#N/A","#N/A",false,false,"#N/A","#N/A","#N/A","#N/A","#N/A","#N/A","#N/A","#N/A","#N/A","#N/A","#N/A","#N/A","#N/A","#N/A","#N/A","#N/A","#N/A","#N/A"
4218afdd-e1e8-4347-a335-1ab53b371f14,"#N/A",5555.0,"#N/A","#N/A","#N/A","#N/A","#N/A","#N/A","#N/A","#N/A","#N/A","#N/A","#N/A",Government,"#N/A",Test Account 7,50,"#N/A",(656) 565-6565,false,false,"#N/A",Never,false,false,"#N/A","#N/A",Same,No,"#N/A","#N/A","#N/A","#N/A","#N/A","#N/A","#N/A","#N/A","#N/A","#N/A","#N/A","#N/A",Analyst,www.google.com
42349a96-3507-45a2-975d-41ae74f39d0a,"#N/A","#N/A","#N/A","#N/A","#N/A","#N/A","#N/A","#N/A","#N/A","#N/A","#N/A","#N/A","#N/A","#N/A","#N/A",Test Account 5,"#N/A","#N/A","#N/A",false,false,"#N/A","#N/A",false,false,"#N/A","#N/A","#N/A","#N/A","#N/A","#N/A","#N/A","#N/A","#N/A","#N/A","#N/A","#N/A","#N/A","#N/A","#N/A","#N/A","#N/A","#N/A"
42d892d8-b630-4fb7-93ce-1923fe602088,"#N/A","#N/A","#N/A","#N/A","#N/A","#N/A","#N/A","#N/A","#N/A","#N/A","#N/A","#N/A","#N/A","#N/A","#N/A",Test Account 12,"#N/A","#N/A","#N/A",false,false,"#N/A",Never,false,true,"#N/A",Contract Based,Same,No,"#N/A","#N/A","#N/A","#N/A","#N/A","#N/A","#N/A","#N/A","#N/A","#N/A","#N/A","#N/A","#N/A","#N/A"
42f276c8-b357-4bf8-a7ca-785b4bbf30b7,"#N/A","#N/A","#N/A","#N/A","#N/A","#N/A","#N/A","#N/A","#N/A","#N/A","#N/A","#N/A","#N/A",Insurance,"#N/A",Test Account 6,50,"#N/A",(773) 748-2074,false,false,"#N/A",Never,false,true,"#N/A",Contract Based,Same,No,"#N/A","#N/A","#N/A","#N/A","#N/A","#N/A","#N/A","#N/A","#N/A","#N/A","#N/A","#N/A","#N/A",www.google.com
43ac24f9-3fac-47d8-a4bf-db0f97ee14ce,"#N/A","#N/A","#N/A","#N/A","#N/A","#N/A","#N/A","#N/A","#N/A","#N/A","#N/A","#N/A","#N/A","#N/A","#N/A",Test Account 10,"#N/A","#N/A","#N/A",false,false,"#N/A",Never,false,true,"#N/A",Contract Based,Same,No,"#N/A","#N/A","#N/A","#N/A","#N/A","#N/A","#N/A","#N/A","#N/A","#N/A","#N/A","#N/A","#N/A","#N/A"
43bb0596-a0e7-4f16-91b7-d54f300b5b3c,"#N/A","#N/A","#N/A","#N/A","#N/A","#N/A","#N/A","#N/A","#N/A","#N/A","#N/A","#N/A","#N/A","#N/A","#N/A",Test Account 8,"#N/A","#N/A","#N/A",false,false,"#N/A","#N/A",false,false,"#N/A","#N/A","#N/A","#N/A","#N/A","#N/A","#N/A","#N/A","#N/A","#N/A","#N/A","#N/A","#N/A","#N/A","#N/A","#N/A","#N/A","#N/A"
43ee20a1-5496-4ef7-9a42-587348f984cc,"#N/A","#N/A","#N/A","#N/A","#N/A","#N/A","#N/A","#N/A","#N/A","#N/A","#N/A","#N/A","#N/A","#N/A","#N/A",Test Account 10,"#N/A","#N/A","#N/A",false,false,"#N/A",Never,false,true,"#N/A",Contract Based,Same,No,"#N/A","#N/A","#N/A","#N/A","#N/A","#N/A","#N/A","#N/A","#N/A","#N/A","#N/A","#N/A","#N/A","#N/A"
46796351-ec5c-4446-92f5-0cebe125ef2f,"#N/A","#N/A","#N/A","#N/A","#N/A","#N/A","#N/A","#N/A","#N/A","#N/A","#N/A","#N/A","#N/A","#N/A","#N/A",Test Account 5,"#N/A","#N/A","#N/A",false,false,"#N/A","#N/A",false,false,"#N/A","#N/A","#N/A","#N/A","#N/A","#N/A","#N/A","#N/A","#N/A","#N/A","#N/A","#N/A","#N/A","#N/A","#N/A","#N/A","#N/A","#N/A"
468e345b-bdb3-40e6-ab57-fe6c3d961062,"#N/A","#N/A","#N/A","#N/A","#N/A","#N/A","#N/A","#N/A","#N/A","#N/A","#N/A","#N/A","#N/A","#N/A","#N/A",Test Account 12,"#N/A","#N/A","#N/A",false,false,"#N/A","#N/A",false,false,"#N/A","#N/A","#N/A","#N/A","#N/A","#N/A","#N/A","#N/A","#N/A","#N/A","#N/A","#N/A","#N/A","#N/A","#N/A","#N/A","#N/A","#N/A"
4719b5be-5fc6-4406-9c0f-70d3bcecc26e,"#N/A","#N/A","#N/A","#N/A","#N/A","#N/A","#N/A","#N/A","#N/A","#N/A","#N/A","#N/A","#N/A","#N/A","#N/A",Test Account 8,"#N/A","#N/A","#N/A",false,false,"#N/A",Never,false,true,"#N/A",Contract Based,Same,No,"#N/A","#N/A","#N/A","#N/A","#N/A","#N/A","#N/A","#N/A","#N/A","#N/A","#N/A","#N/A","#N/A","#N/A"
48d2b417-4224-487c-9c05-6915fbdb895a,"#N/A",5555.0,"#N/A","#N/A","#N/A","#N/A","#N/A","#N/A","#N/A","#N/A","#N/A","#N/A","#N/A",Government,"#N/A",Test Account 7,50,"#N/A",(656) 565-6565,false,false,"#N/A","#N/A",false,false,"#N/A","#N/A","#N/A","#N/A","#N/A","#N/A","#N/A","#N/A","#N/A","#N/A","#N/A","#N/A","#N/A","#N/A","#N/A","#N/A",Analyst,www.google.com
492deb5c-563e-4ee5-97ab-0a1352dc7962,"#N/A","#N/A","#N/A","#N/A","#N/A","#N/A","#N/A","#N/A","#N/A","#N/A","#N/A","#N/A","#N/A","#N/A","#N/A",Test Account 10,"#N/A","#N/A","#N/A",false,false,"#N/A","#N/A",false,false,"#N/A","#N/A","#N/A","#N/A","#N/A","#N/A","#N/A","#N/A","#N/A","#N/A","#N/A","#N/A","#N/A","#N/A","#N/A","#N/A","#N/A","#N/A"
4b376c08-a3da-4ac0-85eb-b4d8a8c9ba73,"#N/A","#N/A","#N/A","#N/A","#N/A","#N/A","#N/A","#N/A","#N/A","#N/A","#N/A","#N/A","#N/A","#N/A","#N/A",Test Account 10,"#N/A","#N/A","#N/A",false,false,"#N/A",Never,false,true,"#N/A",Contract Based,Same,No,"#N/A","#N/A","#N/A","#N/A","#N/A","#N/A","#N/A","#N/A","#N/A","#N/A","#N/A","#N/A","#N/A","#N/A"
4bb60e34-79b3-4806-b8b7-708cbc8c2521,"#N/A","#N/A","#N/A","#N/A","#N/A","#N/A","#N/A","#N/A","#N/A","#N/A","#N/A","#N/A","#N/A","#N/A","#N/A",Test Account 10,"#N/A","#N/A","#N/A",false,false,"#N/A","#N/A",false,false,"#N/A","#N/A","#N/A","#N/A","#N/A","#N/A","#N/A","#N/A","#N/A","#N/A","#N/A","#N/A","#N/A","#N/A","#N/A","#N/A","#N/A","#N/A"
4e4ebad9-8148-4af5-a678-26c3f1a46c17,"#N/A","#N/A","#N/A","#N/A","#N/A","#N/A","#N/A","#N/A","#N/A","#N/A","#N/A","#N/A","#N/A","#N/A","#N/A",Test Account 8,"#N/A","#N/A","#N/A",false,false,"#N/A",Never,false,true,"#N/A",Contract Based,Same,No,"#N/A","#N/A","#N/A","#N/A","#N/A","#N/A","#N/A","#N/A","#N/A","#N/A","#N/A","#N/A","#N/A","#N/A"
4ebeb148-1eb8-4caf-ad1b-e9fd93ff0086,"#N/A","#N/A","#N/A","#N/A","#N/A","#N/A","#N/A","#N/A","#N/A","#N/A","#N/A","#N/A","#N/A","#N/A","#N/A",Test Account 12,"#N/A","#N/A","#N/A",false,false,"#N/A","#N/A",false,false,"#N/A","#N/A","#N/A","#N/A","#N/A","#N/A","#N/A","#N/A","#N/A","#N/A","#N/A","#N/A","#N/A","#N/A","#N/A","#N/A","#N/A","#N/A"
514257a5-000d-4995-a5aa-9fd68053409e,"#N/A",5555.0,"#N/A","#N/A","#N/A","#N/A","#N/A","#N/A","#N/A","#N/A","#N/A","#N/A","#N/A",Government,"#N/A",Test Account 7,50,"#N/A",(656) 565-6565,false,false,"#N/A","#N/A",false,false,"#N/A","#N/A","#N/A","#N/A","#N/A","#N/A","#N/A","#N/A","#N/A","#N/A","#N/A","#N/A","#N/A","#N/A","#N/A","#N/A",Analyst,www.google.com
530b408b-4dc8-4c99-8e16-433aa86cd2f8,"#N/A","#N/A","#N/A","#N/A","#N/A","#N/A","#N/A","#N/A","#N/A","#N/A","#N/A","#N/A","#N/A","#N/A","#N/A",Test Account 5,"#N/A","#N/A","#N/A",false,false,"#N/A",Never,false,false,"#N/A","#N/A",Same,No,"#N/A","#N/A","#N/A","#N/A","#N/A","#N/A","#N/A","#N/A","#N/A","#N/A","#N/A","#N/A","#N/A","#N/A"
55feb12c-a237-418a-9e7c-012ccb2e6f39,"#N/A","#N/A","#N/A","#N/A","#N/A","#N/A","#N/A","#N/A","#N/A","#N/A","#N/A","#N/A","#N/A","#N/A","#N/A",Test Account 12,"#N/A","#N/A","#N/A",false,false,"#N/A",Never,false,true,"#N/A",Contract Based,Same,No,"#N/A","#N/A","#N/A","#N/A","#N/A","#N/A","#N/A","#N/A","#N/A","#N/A","#N/A","#N/A","#N/A","#N/A"
560c8820-d982-41ee-80e6-eabc741ebbe1,"#N/A","#N/A","#N/A","#N/A","#N/A","#N/A","#N/A","#N/A","#N/A","#N/A","#N/A","#N/A","#N/A","#N/A","#N/A",Test Account 5,"#N/A","#N/A","#N/A",false,false,"#N/A",Never,false,false,"#N/A","#N/A",Same,No,"#N/A","#N/A","#N/A","#N/A","#N/A","#N/A","#N/A","#N/A","#N/A","#N/A","#N/A","#N/A","#N/A","#N/A"
561d65d6-9c4a-422d-b3ed-2d3151024a67,"#N/A","#N/A","#N/A","#N/A","#N/A","#N/A","#N/A","#N/A","#N/A","#N/A","#N/A","#N/A","#N/A",Insurance,"#N/A",Test Account 6,50,"#N/A",(773) 748-2074,false,false,"#N/A",Never,false,true,"#N/A",Contract Based,Same,No,"#N/A","#N/A","#N/A","#N/A","#N/A","#N/A","#N/A","#N/A","#N/A","#N/A","#N/A","#N/A","#N/A",www.google.com
5707364d-9d5f-49ce-9076-0c9a7b253940,"#N/A","#N/A","#N/A","#N/A","#N/A","#N/A","#N/A","#N/A","#N/A","#N/A","#N/A","#N/A","#N/A",Insurance,"#N/A",Test Account 6,50,"#N/A",(773) 748-2074,false,false,"#N/A","#N/A",false,false,"#N/A","#N/A","#N/A","#N/A","#N/A","#N/A","#N/A","#N/A","#N/A","#N/A","#N/A","#N/A","#N/A","#N/A","#N/A","#N/A","#N/A",www.google.com
592d5a4a-b66e-4527-9fe3-3c7f45448936,"#N/A","#N/A","#N/A","#N/A","#N/A","#N/A","#N/A","#N/A","#N/A","#N/A","#N/A","#N/A","#N/A",Insurance,"#N/A",Test Account 6,50,"#N/A",(773) 748-2074,false,false,"#N/A",Never,false,true,"#N/A",Contract Based,Same,No,"#N/A","#N/A","#N/A","#N/A","#N/A","#N/A","#N/A","#N/A","#N/A","#N/A","#N/A","#N/A","#N/A",www.google.com
5a069425-b480-460e-85bb-d7de987d6d6e,"#N/A","#N/A","#N/A","#N/A","#N/A","#N/A","#N/A","#N/A","#N/A","#N/A","#N/A","#N/A","#N/A","#N/A","#N/A",Test Account 12,"#N/A","#N/A","#N/A",false,false,"#N/A",Never,false,true,"#N/A",Contract Based,Same,No,"#N/A","#N/A","#N/A","#N/A","#N/A","#N/A","#N/A","#N/A","#N/A","#N/A","#N/A","#N/A","#N/A","#N/A"
5abd3eec-af11-4408-ad88-dc8fa7a2276e,"#N/A","#N/A","#N/A","#N/A","#N/A","#N/A","#N/A","#N/A","#N/A","#N/A","#N/A","#N/A","#N/A","#N/A","#N/A",SBI Test Account,"#N/A","#N/A","#N/A",false,false,"#N/A","#N/A",false,false,"#N/A","#N/A","#N/A","#N/A","#N/A","#N/A","#N/A","#N/A","#N/A","#N/A","#N/A","#N/A","#N/A","#N/A","#N/A","#N/A","#N/A","#N/A"
5d208e7d-9380-4abe-9f89-a76d33215701,"#N/A","#N/A","#N/A","#N/A","#N/A","#N/A","#N/A","#N/A","#N/A","#N/A","#N/A","#N/A","#N/A","#N/A","#N/A",Test Account 12,"#N/A","#N/A","#N/A",false,false,"#N/A",Never,false,true,"#N/A",Contract Based,Same,No,"#N/A","#N/A","#N/A","#N/A","#N/A","#N/A","#N/A","#N/A","#N/A","#N/A","#N/A","#N/A","#N/A","#N/A"
5ea3c7ae-3266-4073-b520-b846660f5d95,"#N/A","#N/A","#N/A","#N/A","#N/A","#N/A","#N/A","#N/A","#N/A","#N/A","#N/A","#N/A","#N/A","#N/A","#N/A",Test Account 9,"#N/A","#N/A","#N/A",false,false,"#N/A","#N/A",false,false,"#N/A","#N/A","#N/A","#N/A","#N/A","#N/A","#N/A","#N/A","#N/A","#N/A","#N/A","#N/A","#N/A","#N/A","#N/A","#N/A","#N/A","#N/A"
603dfa27-0263-4086-bdfc-aa0330c22fb4,"#N/A","#N/A","#N/A","#N/A","#N/A","#N/A","#N/A","#N/A","#N/A","#N/A","#N/A","#N/A","#N/A","#N/A","#N/A",Test Account 5,"#N/A","#N/A","#N/A",false,false,"#N/A",Never,false,true,"#N/A","#N/A",Same,No,"#N/A","#N/A","#N/A","#N/A","#N/A","#N/A","#N/A","#N/A","#N/A","#N/A","#N/A","#N/A","#N/A","#N/A"
619abfad-1730-4e54-a4a1-49237b1b5c56,"#N/A","#N/A","#N/A","#N/A","#N/A","#N/A","#N/A","#N/A","#N/A","#N/A","#N/A","#N/A","#N/A","#N/A","#N/A",Test Account 12,"#N/A","#N/A","#N/A",false,false,"#N/A","#N/A",false,false,"#N/A","#N/A","#N/A","#N/A","#N/A","#N/A","#N/A","#N/A","#N/A","#N/A","#N/A","#N/A","#N/A","#N/A","#N/A","#N/A","#N/A","#N/A"
61b184b1-4e43-477d-a966-2540fabc8618,"#N/A","#N/A","#N/A","#N/A","#N/A","#N/A","#N/A","#N/A","#N/A","#N/A","#N/A","#N/A","#N/A","#N/A","#N/A",Test Account 10,"#N/A","#N/A","#N/A",false,false,"#N/A",Never,false,true,"#N/A",Contract Based,Same,No,"#N/A","#N/A","#N/A","#N/A","#N/A","#N/A","#N/A","#N/A","#N/A","#N/A","#N/A","#N/A","#N/A","#N/A"
635d4024-5abb-4bfc-b673-893f0b401fc7,"#N/A","#N/A","#N/A","#N/A","#N/A","#N/A","#N/A","#N/A","#N/A","#N/A","#N/A","#N/A","#N/A","#N/A","#N/A",Test Account 10,"#N/A","#N/A","#N/A",false,false,"#N/A",Never,false,true,"#N/A",Contract Based,Same,No,"#N/A","#N/A","#N/A","#N/A","#N/A","#N/A","#N/A","#N/A","#N/A","#N/A","#N/A","#N/A","#N/A","#N/A"
63a02c25-c427-4eea-b88b-92644e480ca6,"#N/A","#N/A","#N/A","#N/A","#N/A","#N/A","#N/A","#N/A","#N/A","#N/A","#N/A","#N/A","#N/A","#N/A","#N/A",Test Account 9,"#N/A","#N/A","#N/A",false,false,"#N/A","#N/A",false,false,"#N/A","#N/A","#N/A","#N/A","#N/A","#N/A","#N/A","#N/A","#N/A","#N/A","#N/A","#N/A","#N/A","#N/A","#N/A","#N/A","#N/A","#N/A"
65be8712-498c-43cb-91b2-fdd8e782884f,"#N/A","#N/A","#N/A","#N/A","#N/A","#N/A","#N/A","#N/A","#N/A","#N/A","#N/A","#N/A","#N/A","#N/A","#N/A",Test Account 12,"#N/A","#N/A","#N/A",false,false,"#N/A",Never,false,true,"#N/A",Contract Based,Same,No,"#N/A","#N/A","#N/A","#N/A","#N/A","#N/A","#N/A","#N/A","#N/A","#N/A","#N/A","#N/A","#N/A","#N/A"
65da6198-fe6d-4ba3-9463-383b112a8893,"#N/A","#N/A","#N/A","#N/A","#N/A","#N/A","#N/A","#N/A","#N/A","#N/A","#N/A","#N/A","#N/A","#N/A","#N/A",Test Account 8,"#N/A","#N/A","#N/A",false,false,"#N/A",Never,false,true,"#N/A",Contract Based,Same,No,"#N/A","#N/A","#N/A","#N/A","#N/A","#N/A","#N/A","#N/A","#N/A","#N/A","#N/A","#N/A","#N/A","#N/A"
687b125f-9b05-438b-867c-b84cee7d0cee,"#N/A","#N/A","#N/A","#N/A","#N/A","#N/A","#N/A","#N/A","#N/A","#N/A","#N/A","#N/A","#N/A","#N/A","#N/A",Test Account 12,"#N/A","#N/A","#N/A",false,false,"#N/A",Never,false,true,"#N/A",Contract Based,Same,No,"#N/A","#N/A","#N/A","#N/A","#N/A","#N/A","#N/A","#N/A","#N/A","#N/A","#N/A","#N/A","#N/A","#N/A"
69995797-93b9-4a5d-b351-7d0a734eb615,"#N/A","#N/A","#N/A","#N/A","#N/A","#N/A","#N/A","#N/A","#N/A","#N/A","#N/A","#N/A","#N/A","#N/A","#N/A",Test Account 10,"#N/A","#N/A","#N/A",false,false,"#N/A",Never,false,true,"#N/A",Contract Based,Same,No,"#N/A","#N/A","#N/A","#N/A","#N/A","#N/A","#N/A","#N/A","#N/A","#N/A","#N/A","#N/A","#N/A","#N/A"
6ab7a631-9dba-49bb-accf-fe48db50b269,"#N/A","#N/A","#N/A","#N/A","#N/A","#N/A","#N/A","#N/A","#N/A","#N/A","#N/A","#N/A","#N/A","#N/A","#N/A",Test Account 9,"#N/A","#N/A","#N/A",false,false,"#N/A","#N/A",false,false,"#N/A","#N/A","#N/A","#N/A","#N/A","#N/A","#N/A","#N/A","#N/A","#N/A","#N/A","#N/A","#N/A","#N/A","#N/A","#N/A","#N/A","#N/A"
6b41b90a-ec61-4df1-9a45-d1df02433fde,"#N/A","#N/A","#N/A","#N/A","#N/A","#N/A","#N/A","#N/A","#N/A","#N/A","#N/A","#N/A","#N/A","#N/A","#N/A",Test Account 5,"#N/A","#N/A","#N/A",false,false,"#N/A",Never,false,false,"#N/A","#N/A",Same,No,"#N/A","#N/A","#N/A","#N/A","#N/A","#N/A","#N/A","#N/A","#N/A","#N/A","#N/A","#N/A","#N/A","#N/A"
6bd714f8-ba09-432a-9481-c7832d2fcad0,"#N/A","#N/A","#N/A","#N/A","#N/A","#N/A","#N/A","#N/A","#N/A","#N/A","#N/A","#N/A","#N/A",Insurance,"#N/A",Test Account 6,50,"#N/A",(773) 748-2074,false,false,"#N/A",Never,false,true,"#N/A",Contract Based,Same,No,"#N/A","#N/A","#N/A","#N/A","#N/A","#N/A","#N/A","#N/A","#N/A","#N/A","#N/A","#N/A","#N/A",www.google.com
6d71dcad-cfac-4fa4-abfa-9406f920eb13,"#N/A","#N/A","#N/A","#N/A","#N/A","#N/A","#N/A","#N/A","#N/A","#N/A","#N/A","#N/A","#N/A","#N/A","#N/A",Test Account 9,"#N/A","#N/A","#N/A",false,false,"#N/A","#N/A",false,false,"#N/A","#N/A","#N/A","#N/A","#N/A","#N/A","#N/A","#N/A","#N/A","#N/A","#N/A","#N/A","#N/A","#N/A","#N/A","#N/A","#N/A","#N/A"
7143cad6-bf29-4dd7-9304-21d31e83327a,"#N/A","#N/A","#N/A","#N/A","#N/A","#N/A","#N/A","#N/A","#N/A","#N/A","#N/A","#N/A","#N/A","#N/A","#N/A",Test Account 5,"#N/A","#N/A","#N/A",false,false,"#N/A","#N/A",false,false,"#N/A","#N/A","#N/A","#N/A","#N/A","#N/A","#N/A","#N/A","#N/A","#N/A","#N/A","#N/A","#N/A","#N/A","#N/A","#N/A","#N/A","#N/A"
72057d42-d361-4de1-a6df-111d4bdcd9aa,"#N/A","#N/A","#N/A","#N/A","#N/A","#N/A","#N/A","#N/A","#N/A","#N/A","#N/A","#N/A","#N/A","#N/A","#N/A",Test Account 9,"#N/A","#N/A","#N/A",false,false,"#N/A",Never,false,true,"#N/A",Contract Based,Same,No,"#N/A","#N/A","#N/A","#N/A","#N/A","#N/A","#N/A","#N/A","#N/A","#N/A","#N/A","#N/A","#N/A","#N/A"
728fc40e-ebe0-41d8-902a-835b307946c1,"#N/A","#N/A","#N/A","#N/A","#N/A","#N/A","#N/A","#N/A","#N/A","#N/A","#N/A","#N/A","#N/A","#N/A","#N/A",Test Account 9,"#N/A","#N/A","#N/A",false,false,"#N/A",Never,false,true,"#N/A",Contract Based,Same,No,"#N/A","#N/A","#N/A","#N/A","#N/A","#N/A","#N/A","#N/A","#N/A","#N/A","#N/A","#N/A","#N/A","#N/A"
74ba1d03-3704-4ece-a60a-4b96fe60b275,"#N/A","#N/A","#N/A","#N/A","#N/A","#N/A","#N/A","#N/A","#N/A","#N/A","#N/A","#N/A","#N/A","#N/A","#N/A",Test Account 12,"#N/A","#N/A","#N/A",false,false,"#N/A",Never,false,true,"#N/A",Contract Based,Same,No,"#N/A","#N/A","#N/A","#N/A","#N/A","#N/A","#N/A","#N/A","#N/A","#N/A","#N/A","#N/A","#N/A","#N/A"
760d8051-7dc8-47b5-9461-c2832fc8ca73,"#N/A","#N/A","#N/A","#N/A","#N/A","#N/A","#N/A","#N/A","#N/A","#N/A","#N/A","#N/A","#N/A","#N/A","#N/A",Test Account 10,"#N/A","#N/A","#N/A",false,false,"#N/A","#N/A",false,false,"#N/A","#N/A","#N/A","#N/A","#N/A","#N/A","#N/A","#N/A","#N/A","#N/A","#N/A","#N/A","#N/A","#N/A","#N/A","#N/A","#N/A","#N/A"
76e28663-36e0-4555-82e1-144d758c2785,"#N/A","#N/A","#N/A","#N/A","#N/A","#N/A","#N/A","#N/A","#N/A","#N/A","#N/A","#N/A","#N/A","#N/A","#N/A",Test Account 9,"#N/A","#N/A","#N/A",false,false,"#N/A",Never,false,true,"#N/A",Contract Based,Same,No,"#N/A","#N/A","#N/A","#N/A","#N/A","#N/A","#N/A","#N/A","#N/A","#N/A","#N/A","#N/A","#N/A","#N/A"
76eeefc1-052b-41e8-95f7-237e10ce1521,"#N/A","#N/A","#N/A","#N/A","#N/A","#N/A","#N/A","#N/A","#N/A","#N/A","#N/A","#N/A","#N/A",Insurance,"#N/A",Test Account 6,50,"#N/A",(773) 748-2074,false,false,"#N/A","#N/A",false,false,"#N/A","#N/A","#N/A","#N/A","#N/A","#N/A","#N/A","#N/A","#N/A","#N/A","#N/A","#N/A","#N/A","#N/A","#N/A","#N/A","#N/A",www.google.com
7891b0de-9418-48d2-a203-aa504fad60e6,"#N/A","#N/A","#N/A","#N/A","#N/A","#N/A","#N/A","#N/A","#N/A","#N/A","#N/A","#N/A","#N/A","#N/A","#N/A",Test Account 12,"#N/A","#N/A","#N/A",false,false,"#N/A","#N/A",false,false,"#N/A","#N/A","#N/A","#N/A","#N/A","#N/A","#N/A","#N/A","#N/A","#N/A","#N/A","#N/A","#N/A","#N/A","#N/A","#N/A","#N/A","#N/A"
7a904a6d-f920-43d3-94e6-01790cc357c3,"#N/A","#N/A","#N/A","#N/A","#N/A","#N/A","#N/A","#N/A","#N/A","#N/A","#N/A","#N/A","#N/A","#N/A","#N/A",Test Account 8,"#N/A","#N/A","#N/A",false,false,"#N/A","#N/A",false,false,"#N/A","#N/A","#N/A","#N/A","#N/A","#N/A","#N/A","#N/A","#N/A","#N/A","#N/A","#N/A","#N/A","#N/A","#N/A","#N/A","#N/A","#N/A"
7a96c487-16b3-4638-8555-2abd6569f26c,"#N/A","#N/A","#N/A","#N/A","#N/A","#N/A","#N/A","#N/A","#N/A","#N/A","#N/A","#N/A","#N/A","#N/A","#N/A",Test Account 8,"#N/A","#N/A","#N/A",false,false,"#N/A",Never,false,true,"#N/A",Contract Based,Same,No,"#N/A","#N/A","#N/A","#N/A","#N/A","#N/A","#N/A","#N/A","#N/A","#N/A","#N/A","#N/A","#N/A","#N/A"
7b6d4154-0cd2-4942-8b6f-955638c37ee5,"#N/A","#N/A","#N/A","#N/A","#N/A","#N/A","#N/A","#N/A","#N/A","#N/A","#N/A","#N/A","#N/A","#N/A","#N/A",Test Account 8,"#N/A","#N/A","#N/A",false,false,"#N/A",Never,false,true,"#N/A",Contract Based,Same,No,"#N/A","#N/A","#N/A","#N/A","#N/A","#N/A","#N/A","#N/A","#N/A","#N/A","#N/A","#N/A","#N/A","#N/A"
7bfed49d-caf3-42e8-9c57-abe6b839c51c,"#N/A","#N/A","#N/A","#N/A","#N/A","#N/A","#N/A","#N/A","#N/A","#N/A","#N/A","#N/A","#N/A",Insurance,"#N/A",Test Account 6,50,"#N/A",(773) 748-2074,false,false,"#N/A",Never,false,true,"#N/A",Contract Based,Same,No,"#N/A","#N/A","#N/A","#N/A","#N/A","#N/A","#N/A","#N/A","#N/A","#N/A","#N/A","#N/A","#N/A",www.google.com
7d149241-fa00-46d8-8f0d-7b1afd157cbb,"#N/A","#N/A","#N/A","#N/A","#N/A","#N/A","#N/A","#N/A","#N/A","#N/A","#N/A","#N/A","#N/A","#N/A","#N/A",Test Account 8,"#N/A","#N/A","#N/A",false,false,"#N/A","#N/A",false,false,"#N/A","#N/A","#N/A","#N/A","#N/A","#N/A","#N/A","#N/A","#N/A","#N/A","#N/A","#N/A","#N/A","#N/A","#N/A","#N/A","#N/A","#N/A"
7d6620fd-6ecc-4273-8dd3-0b8815c3ea7e,"#N/A","#N/A","#N/A","#N/A","#N/A","#N/A","#N/A","#N/A","#N/A","#N/A","#N/A","#N/A","#N/A","#N/A","#N/A",Test Account 8,"#N/A","#N/A","#N/A",false,false,"#N/A","#N/A",false,false,"#N/A","#N/A","#N/A","#N/A","#N/A","#N/A","#N/A","#N/A","#N/A","#N/A","#N/A","#N/A","#N/A","#N/A","#N/A","#N/A","#N/A","#N/A"
830f92dc-9c8a-4fa5-802b-22f533e50f65,"#N/A","#N/A","#N/A","#N/A","#N/A","#N/A","#N/A","#N/A","#N/A","#N/A","#N/A","#N/A","#N/A","#N/A","#N/A",Test Account 12,"#N/A","#N/A","#N/A",false,false,"#N/A",Never,false,true,"#N/A",Contract Based,Same,No,"#N/A","#N/A","#N/A","#N/A","#N/A","#N/A","#N/A","#N/A","#N/A","#N/A","#N/A","#N/A","#N/A","#N/A"
848f7dd9-752f-49a4-9524-ab370373bb35,"#N/A",5555.0,"#N/A","#N/A","#N/A","#N/A","#N/A","#N/A","#N/A","#N/A","#N/A","#N/A","#N/A",Government,"#N/A",Test Account 7,50,"#N/A",(656) 565-6565,false,false,"#N/A",Never,false,false,"#N/A","#N/A",Same,No,"#N/A","#N/A","#N/A","#N/A","#N/A","#N/A","#N/A","#N/A","#N/A","#N/A","#N/A","#N/A",Analyst,www.google.com
87799885-960f-4ac9-ace9-20e776edb382,"#N/A","#N/A","#N/A","#N/A","#N/A","#N/A","#N/A","#N/A","#N/A","#N/A","#N/A","#N/A","#N/A","#N/A","#N/A",Test Account 8,"#N/A","#N/A","#N/A",false,false,"#N/A","#N/A",false,false,"#N/A","#N/A","#N/A","#N/A","#N/A","#N/A","#N/A","#N/A","#N/A","#N/A","#N/A","#N/A","#N/A","#N/A","#N/A","#N/A","#N/A","#N/A"
87aeec81-e279-43ce-b8cd-4b69fefc0607,"#N/A","#N/A","#N/A","#N/A","#N/A","#N/A","#N/A","#N/A","#N/A","#N/A","#N/A","#N/A","#N/A","#N/A","#N/A",Test Account 12,"#N/A","#N/A","#N/A",false,false,"#N/A","#N/A",false,false,"#N/A","#N/A","#N/A","#N/A","#N/A","#N/A","#N/A","#N/A","#N/A","#N/A","#N/A","#N/A","#N/A","#N/A","#N/A","#N/A","#N/A","#N/A"
8995265f-4a92-4566-baed-c863dfa864d0,"#N/A","#N/A","#N/A","#N/A","#N/A","#N/A","#N/A","#N/A","#N/A","#N/A","#N/A","#N/A","#N/A","#N/A","#N/A",Test Account 10,"#N/A","#N/A","#N/A",false,false,"#N/A","#N/A",false,false,"#N/A","#N/A","#N/A","#N/A","#N/A","#N/A","#N/A","#N/A","#N/A","#N/A","#N/A","#N/A","#N/A","#N/A","#N/A","#N/A","#N/A","#N/A"
8a72dc36-4263-47e5-a636-f8fcdb296de9,"#N/A","#N/A","#N/A","#N/A","#N/A","#N/A","#N/A","#N/A","#N/A","#N/A","#N/A","#N/A","#N/A","#N/A","#N/A",Test Account 9,"#N/A","#N/A","#N/A",false,false,"#N/A",Never,false,true,"#N/A",Contract Based,Same,No,"#N/A","#N/A","#N/A","#N/A","#N/A","#N/A","#N/A","#N/A","#N/A","#N/A","#N/A","#N/A","#N/A","#N/A"
8d2b0024-c856-4192-af41-43745aecdc27,"#N/A","#N/A","#N/A","#N/A","#N/A","#N/A","#N/A","#N/A","#N/A","#N/A","#N/A","#N/A","#N/A","#N/A","#N/A",Test Account 8,"#N/A","#N/A","#N/A",false,false,"#N/A","#N/A",false,false,"#N/A","#N/A","#N/A","#N/A","#N/A","#N/A","#N/A","#N/A","#N/A","#N/A","#N/A","#N/A","#N/A","#N/A","#N/A","#N/A","#N/A","#N/A"
8dd1be7b-977f-40fe-958b-d210bf58fa53,"#N/A","#N/A","#N/A","#N/A","#N/A","#N/A","#N/A","#N/A","#N/A","#N/A","#N/A","#N/A","#N/A","#N/A","#N/A",Test Account 5,"#N/A","#N/A","#N/A",false,false,"#N/A",Never,false,false,"#N/A","#N/A",Same,No,"#N/A","#N/A","#N/A","#N/A","#N/A","#N/A","#N/A","#N/A","#N/A","#N/A","#N/A","#N/A","#N/A","#N/A"
8faed452-5a77-4e0a-86e1-bbd798a4de97,"#N/A",5555.0,"#N/A","#N/A","#N/A","#N/A","#N/A","#N/A","#N/A","#N/A","#N/A","#N/A","#N/A",Government,"#N/A",Test Account 7,50,"#N/A",(656) 565-6565,false,false,"#N/A",Never,false,false,"#N/A","#N/A",Same,No,"#N/A","#N/A","#N/A","#N/A","#N/A","#N/A","#N/A","#N/A","#N/A","#N/A","#N/A","#N/A",Analyst,www.google.com
90d05832-7ea5-470b-ae97-d904650846e8,"#N/A","#N/A","#N/A","#N/A","#N/A","#N/A","#N/A","#N/A","#N/A","#N/A","#N/A","#N/A","#N/A","#N/A","#N/A",Test Account 10,"#N/A","#N/A","#N/A",false,false,"#N/A",Never,false,true,"#N/A",Contract Based,Same,No,"#N/A","#N/A","#N/A","#N/A","#N/A","#N/A","#N/A","#N/A","#N/A","#N/A","#N/A","#N/A","#N/A","#N/A"
912eb33a-4ef3-45b9-bb85-bfa4cdebca7d,"#N/A","#N/A","#N/A","#N/A","#N/A","#N/A","#N/A","#N/A","#N/A","#N/A","#N/A","#N/A","#N/A",Insurance,"#N/A",Test Account 6,50,"#N/A",(773) 748-2074,false,false,"#N/A","#N/A",false,false,"#N/A","#N/A","#N/A","#N/A","#N/A","#N/A","#N/A","#N/A","#N/A","#N/A","#N/A","#N/A","#N/A","#N/A","#N/A","#N/A","#N/A",www.google.com
92445540-93a2-4aa4-b162-505b2e501068,"#N/A","#N/A","#N/A","#N/A","#N/A","#N/A","#N/A","#N/A","#N/A","#N/A","#N/A","#N/A","#N/A","#N/A","#N/A",Test Account 5,"#N/A","#N/A","#N/A",false,false,"#N/A",Never,false,false,"#N/A","#N/A",Same,No,"#N/A","#N/A","#N/A","#N/A","#N/A","#N/A","#N/A","#N/A","#N/A","#N/A","#N/A","#N/A","#N/A","#N/A"
967c50cc-d4cf-4415-b92c-9e659a08e604,"#N/A","#N/A","#N/A","#N/A","#N/A","#N/A","#N/A","#N/A","#N/A","#N/A","#N/A","#N/A","#N/A","#N/A","#N/A",Test Account 8,"#N/A","#N/A","#N/A",false,false,"#N/A",Never,false,true,"#N/A",Contract Based,Same,No,"#N/A","#N/A","#N/A","#N/A","#N/A","#N/A","#N/A","#N/A","#N/A","#N/A","#N/A","#N/A","#N/A","#N/A"
969ccf4d-a206-48c9-9b46-2201c70f4527,"#N/A",5555.0,"#N/A","#N/A","#N/A","#N/A","#N/A","#N/A","#N/A","#N/A","#N/A","#N/A","#N/A",Government,"#N/A",Test Account 7,50,"#N/A",(656) 565-6565,false,false,"#N/A",Never,false,false,"#N/A","#N/A",Same,No,"#N/A","#N/A","#N/A","#N/A","#N/A","#N/A","#N/A","#N/A","#N/A","#N/A","#N/A","#N/A",Analyst,www.google.com
98d9897b-7b12-4cbc-b204-65f18c90bb6d,"#N/A","#N/A","#N/A","#N/A","#N/A","#N/A","#N/A","#N/A","#N/A","#N/A","#N/A","#N/A","#N/A","#N/A","#N/A",Test Account 9,"#N/A","#N/A","#N/A",false,false,"#N/A",Never,false,true,"#N/A",Contract Based,Same,No,"#N/A","#N/A","#N/A","#N/A","#N/A","#N/A","#N/A","#N/A","#N/A","#N/A","#N/A","#N/A","#N/A","#N/A"
9ab1dbe2-4622-4bcb-8758-03a13cdcf158,"#N/A","#N/A","#N/A","#N/A","#N/A","#N/A","#N/A","#N/A","#N/A","#N/A","#N/A","#N/A","#N/A",Insurance,"#N/A",Test Account 6,50,"#N/A",(773) 748-2074,false,false,"#N/A","#N/A",false,false,"#N/A","#N/A","#N/A","#N/A","#N/A","#N/A","#N/A","#N/A","#N/A","#N/A","#N/A","#N/A","#N/A","#N/A","#N/A","#N/A","#N/A",www.google.com
9b4c5d8e-b5a0-4daf-b575-576738c28471,"#N/A","#N/A","#N/A","#N/A","#N/A","#N/A","#N/A","#N/A","#N/A","#N/A","#N/A","#N/A","#N/A",Insurance,"#N/A",Test Account 6,50,"#N/A",(773) 748-2074,false,false,"#N/A","#N/A",false,false,"#N/A","#N/A","#N/A","#N/A","#N/A","#N/A","#N/A","#N/A","#N/A","#N/A","#N/A","#N/A","#N/A","#N/A","#N/A","#N/A","#N/A",www.google.com
9b9dd08c-fdf8-4800-adb2-9278413b5abd,"#N/A","#N/A","#N/A","#N/A","#N/A","#N/A","#N/A","#N/A","#N/A","#N/A","#N/A","#N/A","#N/A","#N/A","#N/A",Test Account 5,"#N/A","#N/A","#N/A",false,false,"#N/A",Never,false,false,"#N/A","#N/A",Same,No,"#N/A","#N/A","#N/A","#N/A","#N/A","#N/A","#N/A","#N/A","#N/A","#N/A","#N/A","#N/A","#N/A","#N/A"
9e08136c-ebb3-440e-a691-cf27b5f5d097,"#N/A","#N/A","#N/A","#N/A","#N/A","#N/A","#N/A","#N/A","#N/A","#N/A","#N/A","#N/A","#N/A","#N/A","#N/A",Test Account 8,"#N/A","#N/A","#N/A",false,false,"#N/A",Never,false,true,"#N/A",Contract Based,Same,No,"#N/A","#N/A","#N/A","#N/A","#N/A","#N/A","#N/A","#N/A","#N/A","#N/A","#N/A","#N/A","#N/A","#N/A"
a030c810-884e-48a8-b579-b83bd2c4f0e4,"#N/A","#N/A","#N/A","#N/A","#N/A","#N/A","#N/A","#N/A","#N/A","#N/A","#N/A","#N/A","#N/A","#N/A","#N/A",Test Account 5,"#N/A","#N/A","#N/A",false,false,"#N/A","#N/A",false,false,"#N/A","#N/A","#N/A","#N/A","#N/A","#N/A","#N/A","#N/A","#N/A","#N/A","#N/A","#N/A","#N/A","#N/A","#N/A","#N/A","#N/A","#N/A"
a46e8b71-e52c-490f-a247-f95dd41f8682,"#N/A","#N/A","#N/A","#N/A","#N/A","#N/A","#N/A","#N/A","#N/A","#N/A","#N/A","#N/A","#N/A","#N/A","#N/A",SBI Test Account,"#N/A","#N/A","#N/A",false,false,"#N/A","#N/A",false,false,"#N/A","#N/A","#N/A","#N/A","#N/A","#N/A","#N/A","#N/A","#N/A","#N/A","#N/A","#N/A","#N/A","#N/A","#N/A","#N/A","#N/A","#N/A"
a5c8934f-6e7e-45d2-a48e-26abf643be24,"#N/A","#N/A","#N/A","#N/A","#N/A","#N/A","#N/A","#N/A","#N/A","#N/A","#N/A","#N/A","#N/A","#N/A","#N/A",Test Account 5,"#N/A","#N/A","#N/A",false,false,"#N/A","#N/A",false,false,"#N/A","#N/A","#N/A","#N/A","#N/A","#N/A","#N/A","#N/A","#N/A","#N/A","#N/A","#N/A","#N/A","#N/A","#N/A","#N/A","#N/A","#N/A"
a72fa936-f151-485e-aafc-3d34df8dca98,"#N/A","#N/A","#N/A","#N/A","#N/A","#N/A","#N/A","#N/A","#N/A","#N/A","#N/A","#N/A","#N/A","#N/A","#N/A",Test Account 12,"#N/A","#N/A","#N/A",false,false,"#N/A","#N/A",false,false,"#N/A","#N/A","#N/A","#N/A","#N/A","#N/A","#N/A","#N/A","#N/A","#N/A","#N/A","#N/A","#N/A","#N/A","#N/A","#N/A","#N/A","#N/A"
a7fff327-4a0f-4045-acac-83d57e9edba8,"#N/A","#N/A","#N/A","#N/A","#N/A","#N/A","#N/A","#N/A","#N/A","#N/A","#N/A","#N/A","#N/A","#N/A","#N/A",Test Account 9,"#N/A","#N/A","#N/A",false,false,"#N/A",Never,false,true,"#N/A",Contract Based,Same,No,"#N/A","#N/A","#N/A","#N/A","#N/A","#N/A","#N/A","#N/A","#N/A","#N/A","#N/A","#N/A","#N/A","#N/A"
aa8f8ee2-b852-405c-b3bf-baf02f447ffd,"#N/A","#N/A","#N/A","#N/A","#N/A","#N/A","#N/A","#N/A","#N/A","#N/A","#N/A","#N/A","#N/A","#N/A","#N/A",Test Account 5,"#N/A","#N/A","#N/A",false,false,"#N/A",Never,false,false,"#N/A","#N/A",Same,No,"#N/A","#N/A","#N/A","#N/A","#N/A","#N/A","#N/A","#N/A","#N/A","#N/A","#N/A","#N/A","#N/A","#N/A"
ab63fe3d-412d-42f6-b920-8ec6d50167d9,"#N/A","#N/A","#N/A","#N/A","#N/A","#N/A","#N/A","#N/A","#N/A","#N/A","#N/A","#N/A","#N/A","#N/A","#N/A",SBI Test Account,"#N/A","#N/A","#N/A",false,false,"#N/A","#N/A",false,false,"#N/A","#N/A","#N/A","#N/A","#N/A","#N/A","#N/A","#N/A","#N/A","#N/A","#N/A","#N/A","#N/A","#N/A","#N/A","#N/A","#N/A","#N/A"
abf87373-20c9-4c01-a30b-cb55dfda739c,"#N/A",5555.0,"#N/A","#N/A","#N/A","#N/A","#N/A","#N/A","#N/A","#N/A","#N/A","#N/A","#N/A",Government,"#N/A",Test Account 7,50,"#N/A",(656) 565-6565,false,false,"#N/A",Never,false,false,"#N/A","#N/A",Same,No,"#N/A","#N/A","#N/A","#N/A","#N/A","#N/A","#N/A","#N/A","#N/A","#N/A","#N/A","#N/A",Analyst,www.google.com
b19626dc-4993-486f-a135-da34971be202,"#N/A","#N/A","#N/A","#N/A","#N/A","#N/A","#N/A","#N/A","#N/A","#N/A","#N/A","#N/A","#N/A","#N/A","#N/A",Test Account 8,"#N/A","#N/A","#N/A",false,false,"#N/A",Never,false,true,"#N/A",Contract Based,Same,No,"#N/A","#N/A","#N/A","#N/A","#N/A","#N/A","#N/A","#N/A","#N/A","#N/A","#N/A","#N/A","#N/A","#N/A"
b3519cdb-fd7f-493c-9095-02c48b539de1,"#N/A","#N/A","#N/A","#N/A","#N/A","#N/A","#N/A","#N/A","#N/A","#N/A","#N/A","#N/A","#N/A","#N/A","#N/A",Test Account 9,"#N/A","#N/A","#N/A",false,false,"#N/A","#N/A",false,false,"#N/A","#N/A","#N/A","#N/A","#N/A","#N/A","#N/A","#N/A","#N/A","#N/A","#N/A","#N/A","#N/A","#N/A","#N/A","#N/A","#N/A","#N/A"
b3d50074-a7b0-48aa-a082-d3f82a882b3f,"#N/A","#N/A","#N/A","#N/A","#N/A","#N/A","#N/A","#N/A","#N/A","#N/A","#N/A","#N/A","#N/A",Insurance,"#N/A",Test Account 6,50,"#N/A",(773) 748-2074,false,false,"#N/A",Never,false,true,"#N/A",Contract Based,Same,No,"#N/A","#N/A","#N/A","#N/A","#N/A","#N/A","#N/A","#N/A","#N/A","#N/A","#N/A","#N/A","#N/A",www.google.com
b407d037-1827-4b07-8c6c-d626543c5800,"#N/A",5555.0,"#N/A","#N/A","#N/A","#N/A","#N/A","#N/A","#N/A","#N/A","#N/A","#N/A","#N/A",Government,"#N/A",Test Account 7,50,"#N/A",(656) 565-6565,false,false,"#N/A",Never,false,false,"#N/A","#N/A",Same,No,"#N/A","#N/A","#N/A","#N/A","#N/A","#N/A","#N/A","#N/A","#N/A","#N/A","#N/A","#N/A",Analyst,www.google.com
b5928ff7-3ab8-4104-ad3b-699401105bc4,"#N/A",5555.0,"#N/A","#N/A","#N/A","#N/A","#N/A","#N/A","#N/A","#N/A","#N/A","#N/A","#N/A",Government,"#N/A",Test Account 7,50,"#N/A",(656) 565-6565,false,false,"#N/A","#N/A",false,false,"#N/A","#N/A","#N/A","#N/A","#N/A","#N/A","#N/A","#N/A","#N/A","#N/A","#N/A","#N/A","#N/A","#N/A","#N/A","#N/A",Analyst,www.google.com
b6022949-71f9-4612-9542-a6d0badf42f6,"#N/A","#N/A","#N/A","#N/A","#N/A","#N/A","#N/A","#N/A","#N/A","#N/A","#N/A","#N/A","#N/A","#N/A","#N/A",SBI Test Account,"#N/A","#N/A","#N/A",false,false,"#N/A","#N/A",false,false,"#N/A","#N/A","#N/A","#N/A","#N/A","#N/A","#N/A","#N/A","#N/A","#N/A","#N/A","#N/A","#N/A","#N/A","#N/A","#N/A","#N/A","#N/A"
b6b1aff3-99fa-440a-8eca-5d6c7da83586,"#N/A","#N/A","#N/A","#N/A","#N/A","#N/A","#N/A","#N/A","#N/A","#N/A","#N/A","#N/A","#N/A",Insurance,"#N/A",Test Account 6,50,"#N/A",(773) 748-2074,false,false,"#N/A",Never,false,true,"#N/A",Contract Based,Same,No,"#N/A","#N/A","#N/A","#N/A","#N/A","#N/A","#N/A","#N/A","#N/A","#N/A","#N/A","#N/A","#N/A",www.google.com
b78b1cdf-675c-40f8-896d-c4acbf0386d9,"#N/A",5555.0,"#N/A","#N/A","#N/A","#N/A","#N/A","#N/A","#N/A","#N/A","#N/A","#N/A","#N/A",Government,"#N/A",Test Account 7,50,"#N/A",(656) 565-6565,false,false,"#N/A",Never,false,false,"#N/A","#N/A",Same,No,"#N/A","#N/A","#N/A","#N/A","#N/A","#N/A","#N/A","#N/A","#N/A","#N/A","#N/A","#N/A",Analyst,www.google.com
bb13ecd3-3801-4ed4-94e4-9e252537a288,"#N/A","#N/A","#N/A","#N/A","#N/A","#N/A","#N/A","#N/A","#N/A","#N/A","#N/A","#N/A","#N/A","#N/A","#N/A",Test Account 10,"#N/A","#N/A","#N/A",false,false,"#N/A","#N/A",false,false,"#N/A","#N/A","#N/A","#N/A","#N/A","#N/A","#N/A","#N/A","#N/A","#N/A","#N/A","#N/A","#N/A","#N/A","#N/A","#N/A","#N/A","#N/A"
bb930dfc-9fe4-4fd2-81cd-575be0bcc7ba,"#N/A","#N/A","#N/A","#N/A","#N/A","#N/A","#N/A","#N/A","#N/A","#N/A","#N/A","#N/A","#N/A","#N/A","#N/A",Test Account 12,"#N/A","#N/A","#N/A",false,false,"#N/A",Never,false,true,"#N/A",Contract Based,Same,No,"#N/A","#N/A","#N/A","#N/A","#N/A","#N/A","#N/A","#N/A","#N/A","#N/A","#N/A","#N/A","#N/A","#N/A"
bcce082b-4a8a-4746-aeac-eaffbad51ff2,"#N/A","#N/A","#N/A","#N/A","#N/A","#N/A","#N/A","#N/A","#N/A","#N/A","#N/A","#N/A","#N/A","#N/A","#N/A",Test Account 12,"#N/A","#N/A","#N/A",false,false,"#N/A",Never,false,true,"#N/A",Contract Based,Same,No,"#N/A","#N/A","#N/A","#N/A","#N/A","#N/A","#N/A","#N/A","#N/A","#N/A","#N/A","#N/A","#N/A","#N/A"
be263535-d6c6-474b-881b-1d2d0081991a,"#N/A","#N/A","#N/A","#N/A","#N/A","#N/A","#N/A","#N/A","#N/A","#N/A","#N/A","#N/A","#N/A","#N/A","#N/A",Test Account 5,"#N/A","#N/A","#N/A",false,false,"#N/A",Never,false,false,"#N/A","#N/A",Same,No,"#N/A","#N/A","#N/A","#N/A","#N/A","#N/A","#N/A","#N/A","#N/A","#N/A","#N/A","#N/A","#N/A","#N/A"
bf7023f1-c47b-4f0f-8d82-6957a86e9bab,"#N/A",5555.0,"#N/A","#N/A","#N/A","#N/A","#N/A","#N/A","#N/A","#N/A","#N/A","#N/A","#N/A",Government,"#N/A",Test Account 7,50,"#N/A",(656) 565-6565,false,false,"#N/A",Never,false,false,"#N/A","#N/A",Same,No,"#N/A","#N/A","#N/A","#N/A","#N/A","#N/A","#N/A","#N/A","#N/A","#N/A","#N/A","#N/A",Analyst,www.google.com
bfa80e04-f1c1-40ff-9741-c8f3144959e7,"#N/A","#N/A","#N/A","#N/A","#N/A","#N/A","#N/A","#N/A","#N/A","#N/A","#N/A","#N/A","#N/A","#N/A","#N/A",Test Account 10,"#N/A","#N/A","#N/A",false,false,"#N/A",Never,false,true,"#N/A",Contract Based,Same,No,"#N/A","#N/A","#N/A","#N/A","#N/A","#N/A","#N/A","#N/A","#N/A","#N/A","#N/A","#N/A","#N/A","#N/A"
c36561a5-722c-4934-a6eb-5a04c60c963f,"#N/A",5555.0,"#N/A","#N/A","#N/A","#N/A","#N/A","#N/A","#N/A","#N/A","#N/A","#N/A","#N/A",Government,"#N/A",Test Account 7,50,"#N/A",(656) 565-6565,false,false,"#N/A","#N/A",false,false,"#N/A","#N/A","#N/A","#N/A","#N/A","#N/A","#N/A","#N/A","#N/A","#N/A","#N/A","#N/A","#N/A","#N/A","#N/A","#N/A",Analyst,www.google.com
c4b2ed07-5f69-433e-a1e3-751425d1c3a3,"#N/A","#N/A","#N/A","#N/A","#N/A","#N/A","#N/A","#N/A","#N/A","#N/A","#N/A","#N/A","#N/A","#N/A","#N/A",SBI Test Account,"#N/A","#N/A","#N/A",false,false,"#N/A","#N/A",false,false,"#N/A","#N/A","#N/A","#N/A","#N/A","#N/A","#N/A","#N/A","#N/A","#N/A","#N/A","#N/A","#N/A","#N/A","#N/A","#N/A","#N/A","#N/A"
c66738d9-c200-4808-a0a3-5e9ef11e0a77,"#N/A","#N/A","#N/A","#N/A","#N/A","#N/A","#N/A","#N/A","#N/A","#N/A","#N/A","#N/A","#N/A","#N/A","#N/A",Test Account 12,"#N/A","#N/A","#N/A",false,false,"#N/A",Never,false,true,"#N/A",Contract Based,Same,No,"#N/A","#N/A","#N/A","#N/A","#N/A","#N/A","#N/A","#N/A","#N/A","#N/A","#N/A","#N/A","#N/A","#N/A"
c74bf460-3cf7-4d22-bbd9-174e062fb7bb,"#N/A","#N/A","#N/A","#N/A","#N/A","#N/A","#N/A","#N/A","#N/A","#N/A","#N/A","#N/A","#N/A","#N/A","#N/A",Test Account 10,"#N/A","#N/A","#N/A",false,false,"#N/A",Never,false,true,"#N/A",Contract Based,Same,No,"#N/A","#N/A","#N/A","#N/A","#N/A","#N/A","#N/A","#N/A","#N/A","#N/A","#N/A","#N/A","#N/A","#N/A"
c829828a-2b54-4e66-a128-0a61446147f7,"#N/A","#N/A","#N/A","#N/A","#N/A","#N/A","#N/A","#N/A","#N/A","#N/A","#N/A","#N/A","#N/A","#N/A","#N/A",Test Account 9,"#N/A","#N/A","#N/A",false,false,"#N/A",Never,false,true,"#N/A",Contract Based,Same,No,"#N/A","#N/A","#N/A","#N/A","#N/A","#N/A","#N/A","#N/A","#N/A","#N/A","#N/A","#N/A","#N/A","#N/A"
c910cae8-b880-429d-81ca-b51de9db7ae3,"#N/A","#N/A","#N/A","#N/A","#N/A","#N/A","#N/A","#N/A","#N/A","#N/A","#N/A","#N/A","#N/A",Insurance,"#N/A",Test Account 6,50,"#N/A",(773) 748-2074,false,false,"#N/A","#N/A",false,false,"#N/A","#N/A","#N/A","#N/A","#N/A","#N/A","#N/A","#N/A","#N/A","#N/A","#N/A","#N/A","#N/A","#N/A","#N/A","#N/A","#N/A",www.google.com
ca86fe55-9288-4276-be69-503269682277,"#N/A","#N/A","#N/A","#N/A","#N/A","#N/A","#N/A","#N/A","#N/A","#N/A","#N/A","#N/A","#N/A","#N/A","#N/A",Test Account 5,"#N/A","#N/A","#N/A",false,false,"#N/A",Never,false,false,"#N/A","#N/A",Same,No,"#N/A","#N/A","#N/A","#N/A","#N/A","#N/A","#N/A","#N/A","#N/A","#N/A","#N/A","#N/A","#N/A","#N/A"
cb7c0e76-1181-415a-a487-9e775cf39d1e,"#N/A","#N/A","#N/A","#N/A","#N/A","#N/A","#N/A","#N/A","#N/A","#N/A","#N/A","#N/A","#N/A","#N/A","#N/A",Test Account 8,"#N/A","#N/A","#N/A",false,false,"#N/A","#N/A",false,false,"#N/A","#N/A","#N/A","#N/A","#N/A","#N/A","#N/A","#N/A","#N/A","#N/A","#N/A","#N/A","#N/A","#N/A","#N/A","#N/A","#N/A","#N/A"
cbffcf22-bc87-476d-a69f-3d4bd15c5647,"#N/A","#N/A","#N/A","#N/A","#N/A","#N/A","#N/A","#N/A","#N/A","#N/A","#N/A","#N/A","#N/A","#N/A","#N/A",Test Account 9,"#N/A","#N/A","#N/A",false,false,"#N/A","#N/A",false,false,"#N/A","#N/A","#N/A","#N/A","#N/A","#N/A","#N/A","#N/A","#N/A","#N/A","#N/A","#N/A","#N/A","#N/A","#N/A","#N/A","#N/A","#N/A"
ce5e01e1-4054-4cf4-9716-e0618548db9d,"#N/A","#N/A","#N/A","#N/A","#N/A","#N/A","#N/A","#N/A","#N/A","#N/A","#N/A","#N/A","#N/A","#N/A","#N/A",Test Account 10,"#N/A","#N/A","#N/A",false,false,"#N/A","#N/A",false,false,"#N/A","#N/A","#N/A","#N/A","#N/A","#N/A","#N/A","#N/A","#N/A","#N/A","#N/A","#N/A","#N/A","#N/A","#N/A","#N/A","#N/A","#N/A"
cf0e18f4-d7b5-46db-9a5e-e3f26482767a,"#N/A","#N/A","#N/A","#N/A","#N/A","#N/A","#N/A","#N/A","#N/A","#N/A","#N/A","#N/A","#N/A","#N/A","#N/A",SBI Test Account,"#N/A","#N/A","#N/A",false,false,"#N/A","#N/A",false,false,"#N/A","#N/A","#N/A","#N/A","#N/A","#N/A","#N/A","#N/A","#N/A","#N/A","#N/A","#N/A","#N/A","#N/A","#N/A","#N/A","#N/A","#N/A"
cff9f08d-6b0c-41d9-97c7-eec418ad0ef8,"#N/A","#N/A","#N/A","#N/A","#N/A","#N/A","#N/A","#N/A","#N/A","#N/A","#N/A","#N/A","#N/A","#N/A","#N/A",Test Account 5,"#N/A","#N/A","#N/A",false,false,"#N/A",Never,false,false,"#N/A","#N/A",Same,No,"#N/A","#N/A","#N/A","#N/A","#N/A","#N/A","#N/A","#N/A","#N/A","#N/A","#N/A","#N/A","#N/A","#N/A"
d01f8509-cb30-4ddf-b20e-0e5f62512a3a,"#N/A","#N/A","#N/A","#N/A","#N/A","#N/A","#N/A","#N/A","#N/A","#N/A","#N/A","#N/A","#N/A","#N/A","#N/A",Test Account 8,"#N/A","#N/A","#N/A",false,false,"#N/A",Never,false,true,"#N/A",Contract Based,Same,No,"#N/A","#N/A","#N/A","#N/A","#N/A","#N/A","#N/A","#N/A","#N/A","#N/A","#N/A","#N/A","#N/A","#N/A"
d06ad559-f697-48cc-bbd2-41325a681070,"#N/A","#N/A","#N/A","#N/A","#N/A","#N/A","#N/A","#N/A","#N/A","#N/A","#N/A","#N/A","#N/A",Insurance,"#N/A",Test Account 6,50,"#N/A",(773) 748-2074,false,false,"#N/A","#N/A",false,false,"#N/A","#N/A","#N/A","#N/A","#N/A","#N/A","#N/A","#N/A","#N/A","#N/A","#N/A","#N/A","#N/A","#N/A","#N/A","#N/A","#N/A",www.google.com
d3fd5c21-7a9e-4a44-a97f-f358fc3c9a81,"#N/A","#N/A","#N/A","#N/A","#N/A","#N/A","#N/A","#N/A","#N/A","#N/A","#N/A","#N/A","#N/A","#N/A","#N/A",Test Account 9,"#N/A","#N/A","#N/A",false,false,"#N/A",Never,false,true,"#N/A",Contract Based,Same,No,"#N/A","#N/A","#N/A","#N/A","#N/A","#N/A","#N/A","#N/A","#N/A","#N/A","#N/A","#N/A","#N/A","#N/A"
d45d4405-9af6-42af-9f49-9eb9d3f28c32,"#N/A","#N/A","#N/A","#N/A","#N/A","#N/A","#N/A","#N/A","#N/A","#N/A","#N/A","#N/A","#N/A","#N/A","#N/A",Test Account 12,"#N/A","#N/A","#N/A",false,false,"#N/A",Never,false,true,"#N/A",Contract Based,Same,No,"#N/A","#N/A","#N/A","#N/A","#N/A","#N/A","#N/A","#N/A","#N/A","#N/A","#N/A","#N/A","#N/A","#N/A"
d7b5f42d-32e2-49f5-9450-ada3e9bc359e,"#N/A",5555.0,"#N/A","#N/A","#N/A","#N/A","#N/A","#N/A","#N/A","#N/A","#N/A","#N/A","#N/A",Government,"#N/A",Test Account 7,50,"#N/A",(656) 565-6565,false,false,"#N/A","#N/A",false,false,"#N/A","#N/A","#N/A","#N/A","#N/A","#N/A","#N/A","#N/A","#N/A","#N/A","#N/A","#N/A","#N/A","#N/A","#N/A","#N/A",Analyst,www.google.com
da2384c5-b454-4a0c-9621-b297f05438c3,"#N/A","#N/A","#N/A","#N/A","#N/A","#N/A","#N/A","#N/A","#N/A","#N/A","#N/A","#N/A","#N/A","#N/A","#N/A",Test Account 5,"#N/A","#N/A","#N/A",false,false,"#N/A","#N/A",false,false,"#N/A","#N/A","#N/A","#N/A","#N/A","#N/A","#N/A","#N/A","#N/A","#N/A","#N/A","#N/A","#N/A","#N/A","#N/A","#N/A","#N/A","#N/A"
dea27282-b051-4d56-8749-53a091b4e6ae,"#N/A","#N/A","#N/A","#N/A","#N/A","#N/A","#N/A","#N/A","#N/A","#N/A","#N/A","#N/A","#N/A","#N/A","#N/A",Test Account 5,"#N/A","#N/A","#N/A",false,false,"#N/A",Never,false,false,"#N/A","#N/A",Same,No,"#N/A","#N/A","#N/A","#N/A","#N/A","#N/A","#N/A","#N/A","#N/A","#N/A","#N/A","#N/A","#N/A","#N/A"
e1b451dd-7304-45d0-ad1f-cc7678912192,"#N/A","#N/A","#N/A","#N/A","#N/A","#N/A","#N/A","#N/A","#N/A","#N/A","#N/A","#N/A","#N/A","#N/A","#N/A",Test Account 9,"#N/A","#N/A","#N/A",false,false,"#N/A","#N/A",false,false,"#N/A","#N/A","#N/A","#N/A","#N/A","#N/A","#N/A","#N/A","#N/A","#N/A","#N/A","#N/A","#N/A","#N/A","#N/A","#N/A","#N/A","#N/A"
e2539434-29c2-452a-8988-17948e312392,"#N/A","#N/A","#N/A","#N/A","#N/A","#N/A","#N/A","#N/A","#N/A","#N/A","#N/A","#N/A","#N/A","#N/A","#N/A",Test Account 5,"#N/A","#N/A","#N/A",false,false,"#N/A","#N/A",false,false,"#N/A","#N/A","#N/A","#N/A","#N/A","#N/A","#N/A","#N/A","#N/A","#N/A","#N/A","#N/A","#N/A","#N/A","#N/A","#N/A","#N/A","#N/A"
e5b31488-c0fe-47f3-81be-e73b933909b3,"#N/A","#N/A","#N/A","#N/A","#N/A","#N/A","#N/A","#N/A","#N/A","#N/A","#N/A","#N/A","#N/A","#N/A","#N/A",Test Account 9,"#N/A","#N/A","#N/A",false,false,"#N/A",Never,false,true,"#N/A",Contract Based,Same,No,"#N/A","#N/A","#N/A","#N/A","#N/A","#N/A","#N/A","#N/A","#N/A","#N/A","#N/A","#N/A","#N/A","#N/A"
e6572728-75d0-46e6-89e6-27495fef91c5,"#N/A","#N/A","#N/A","#N/A","#N/A","#N/A","#N/A","#N/A","#N/A","#N/A","#N/A","#N/A","#N/A",Insurance,"#N/A",Test Account 6,50,"#N/A",(773) 748-2074,false,false,"#N/A","#N/A",false,false,"#N/A","#N/A","#N/A","#N/A","#N/A","#N/A","#N/A","#N/A","#N/A","#N/A","#N/A","#N/A","#N/A","#N/A","#N/A","#N/A","#N/A",www.google.com
e84613b1-6363-4817-b0a2-61aa464621c2,"#N/A","#N/A","#N/A","#N/A","#N/A","#N/A","#N/A","#N/A","#N/A","#N/A","#N/A","#N/A","#N/A",Insurance,"#N/A",Test Account 6,50,"#N/A",(773) 748-2074,false,false,"#N/A",Never,false,true,"#N/A",Contract Based,Same,No,"#N/A","#N/A","#N/A","#N/A","#N/A","#N/A","#N/A","#N/A","#N/A","#N/A","#N/A","#N/A","#N/A",www.google.com
e9ac7503-d0f7-4025-8889-828b9487d764,"#N/A","#N/A","#N/A","#N/A","#N/A","#N/A","#N/A","#N/A","#N/A","#N/A","#N/A","#N/A","#N/A","#N/A","#N/A",Test Account 12,"#N/A","#N/A","#N/A",false,false,"#N/A","#N/A",false,false,"#N/A","#N/A","#N/A","#N/A","#N/A","#N/A","#N/A","#N/A","#N/A","#N/A","#N/A","#N/A","#N/A","#N/A","#N/A","#N/A","#N/A","#N/A"
ead99038-e636-44ac-8d31-ba6f5db2fa39,"#N/A","#N/A","#N/A","#N/A","#N/A","#N/A","#N/A","#N/A","#N/A","#N/A","#N/A","#N/A","#N/A",Insurance,"#N/A",Test Account 6,50,"#N/A",(773) 748-2074,false,false,"#N/A",Never,false,true,"#N/A",Contract Based,Same,No,"#N/A","#N/A","#N/A","#N/A","#N/A","#N/A","#N/A","#N/A","#N/A","#N/A","#N/A","#N/A","#N/A",www.google.com
eaf3f59f-0a50-4d46-be19-54c4ebe79d74,"#N/A","#N/A","#N/A","#N/A","#N/A","#N/A","#N/A","#N/A","#N/A","#N/A","#N/A","#N/A","#N/A","#N/A","#N/A",Test Account 10,"#N/A","#N/A","#N/A",false,false,"#N/A","#N/A",false,false,"#N/A","#N/A","#N/A","#N/A","#N/A","#N/A","#N/A","#N/A","#N/A","#N/A","#N/A","#N/A","#N/A","#N/A","#N/A","#N/A","#N/A","#N/A"
eb1505e8-082d-49c2-882b-e7c543aafad2,"#N/A","#N/A","#N/A","#N/A","#N/A","#N/A","#N/A","#N/A","#N/A","#N/A","#N/A","#N/A","#N/A","#N/A","#N/A",Test Account 5,"#N/A","#N/A","#N/A",false,false,"#N/A","#N/A",false,false,"#N/A","#N/A","#N/A","#N/A","#N/A","#N/A","#N/A","#N/A","#N/A","#N/A","#N/A","#N/A","#N/A","#N/A","#N/A","#N/A","#N/A","#N/A"
eb271119-a7e6-46c8-aa75-f3e882e87d6e,"#N/A","#N/A","#N/A","#N/A","#N/A","#N/A","#N/A","#N/A","#N/A","#N/A","#N/A","#N/A","#N/A","#N/A","#N/A",SBI Test Account,"#N/A","#N/A","#N/A",false,false,"#N/A","#N/A",false,false,"#N/A","#N/A","#N/A","#N/A","#N/A","#N/A","#N/A","#N/A","#N/A","#N/A","#N/A","#N/A","#N/A","#N/A","#N/A","#N/A","#N/A","#N/A"
ecbe6e34-c4ad-44a0-b320-867315083605,"#N/A","#N/A","#N/A","#N/A","#N/A","#N/A","#N/A","#N/A","#N/A","#N/A","#N/A","#N/A","#N/A","#N/A","#N/A",Test Account 8,"#N/A","#N/A","#N/A",false,false,"#N/A",Never,false,true,"#N/A",Contract Based,Same,No,"#N/A","#N/A","#N/A","#N/A","#N/A","#N/A","#N/A","#N/A","#N/A","#N/A","#N/A","#N/A","#N/A","#N/A"
ed243fc1-5445-4364-8fda-67afc13119c9,"#N/A",5555.0,"#N/A","#N/A","#N/A","#N/A","#N/A","#N/A","#N/A","#N/A","#N/A","#N/A","#N/A",Government,"#N/A",Test Account 7,50,"#N/A",(656) 565-6565,false,false,"#N/A","#N/A",false,false,"#N/A","#N/A","#N/A","#N/A","#N/A","#N/A","#N/A","#N/A","#N/A","#N/A","#N/A","#N/A","#N/A","#N/A","#N/A","#N/A",Analyst,www.google.com
edd1aab1-b27e-4c1c-b13d-297947df4794,"#N/A","#N/A","#N/A","#N/A","#N/A","#N/A","#N/A","#N/A","#N/A","#N/A","#N/A","#N/A","#N/A","#N/A","#N/A",Test Account 5,"#N/A","#N/A","#N/A",false,false,"#N/A",Never,false,false,"#N/A","#N/A",Same,No,"#N/A","#N/A","#N/A","#N/A","#N/A","#N/A","#N/A","#N/A","#N/A","#N/A","#N/A","#N/A","#N/A","#N/A"
ede1a215-f2e5-41af-9a5c-a3009e73b1cb,"#N/A",5555.0,"#N/A","#N/A","#N/A","#N/A","#N/A","#N/A","#N/A","#N/A","#N/A","#N/A","#N/A",Government,"#N/A",Test Account 7,50,"#N/A",(656) 565-6565,false,false,"#N/A",Never,false,false,"#N/A","#N/A",Same,No,"#N/A","#N/A","#N/A","#N/A","#N/A","#N/A","#N/A","#N/A","#N/A","#N/A","#N/A","#N/A",Analyst,www.google.com
ee21aa3b-dc87-4e9d-aea2-d720775163b2,"#N/A","#N/A","#N/A","#N/A","#N/A","#N/A","#N/A","#N/A","#N/A","#N/A","#N/A","#N/A","#N/A",Insurance,"#N/A",Test Account 6,50,"#N/A",(773) 748-2074,false,false,"#N/A",Never,false,true,"#N/A",Contract Based,Same,No,"#N/A","#N/A","#N/A","#N/A","#N/A","#N/A","#N/A","#N/A","#N/A","#N/A","#N/A","#N/A","#N/A",www.google.com
f0056e9a-1fbd-4059-a460-55f48fe21137,"#N/A","#N/A","#N/A","#N/A","#N/A","#N/A","#N/A","#N/A","#N/A","#N/A","#N/A","#N/A","#N/A","#N/A","#N/A",Test Account 5,"#N/A","#N/A","#N/A",false,false,"#N/A",Never,false,false,"#N/A","#N/A",Same,No,"#N/A","#N/A","#N/A","#N/A","#N/A","#N/A","#N/A","#N/A","#N/A","#N/A","#N/A","#N/A","#N/A","#N/A"
f01ee43e-aaf9-41b8-ab17-38249fe2361e,"#N/A","#N/A","#N/A","#N/A","#N/A","#N/A","#N/A","#N/A","#N/A","#N/A","#N/A","#N/A","#N/A","#N/A","#N/A",Test Account 10,"#N/A","#N/A","#N/A",false,false,"#N/A","#N/A",false,false,"#N/A","#N/A","#N/A","#N/A","#N/A","#N/A","#N/A","#N/A","#N/A","#N/A","#N/A","#N/A","#N/A","#N/A","#N/A","#N/A","#N/A","#N/A"
f2472b5c-0b92-4e18-937e-a273fe9258d3,"#N/A","#N/A","#N/A","#N/A","#N/A","#N/A","#N/A","#N/A","#N/A","#N/A","#N/A","#N/A","#N/A","#N/A","#N/A",SBI Test Account,"#N/A","#N/A","#N/A",false,false,"#N/A","#N/A",false,false,"#N/A","#N/A","#N/A","#N/A","#N/A","#N/A","#N/A","#N/A","#N/A","#N/A","#N/A","#N/A","#N/A","#N/A","#N/A","#N/A","#N/A","#N/A"
f62cae66-509d-4af3-8498-fc80fdd44385,"#N/A","#N/A","#N/A","#N/A","#N/A","#N/A","#N/A","#N/A","#N/A","#N/A","#N/A","#N/A","#N/A","#N/A","#N/A",Test Account 12,"#N/A","#N/A","#N/A",false,false,"#N/A",Never,false,true,"#N/A",Contract Based,Same,No,"#N/A","#N/A","#N/A","#N/A","#N/A","#N/A","#N/A","#N/A","#N/A","#N/A","#N/A","#N/A","#N/A","#N/A"
f9dc7a06-303b-493f-b86d-5d94006d70f5,"#N/A","#N/A","#N/A","#N/A","#N/A","#N/A","#N/A","#N/A","#N/A","#N/A","#N/A","#N/A","#N/A","#N/A","#N/A",Test Account 5,"#N/A","#N/A","#N/A",false,false,"#N/A","#N/A",false,false,"#N/A","#N/A","#N/A","#N/A","#N/A","#N/A","#N/A","#N/A","#N/A","#N/A","#N/A","#N/A","#N/A","#N/A","#N/A","#N/A","#N/A","#N/A"
fef00a43-228b-416d-a5c4-58034600d8f3,"#N/A","#N/A","#N/A","#N/A","#N/A","#N/A","#N/A","#N/A","#N/A","#N/A","#N/A","#N/A","#N/A","#N/A","#N/A",Test Account 8,"#N/A","#N/A","#N/A",false,false,"#N/A",Never,false,true,"#N/A",Contract Based,Same,No,"#N/A","#N/A","#N/A","#N/A","#N/A","#N/A","#N/A","#N/A","#N/A","#N/A","#N/A","#N/A","#N/A","#N/A"
ff511272-6596-41a5-8295-15e717cfbefe,"#N/A","#N/A","#N/A","#N/A","#N/A","#N/A","#N/A","#N/A","#N/A","#N/A","#N/A","#N/A","#N/A","#N/A","#N/A",Test Account 10,"#N/A","#N/A","#N/A",false,false,"#N/A","#N/A",false,false,"#N/A","#N/A","#N/A","#N/A","#N/A","#N/A","#N/A","#N/A","#N/A","#N/A","#N/A","#N/A","#N/A","#N/A","#N/A","#N/A","#N/A","#N/A"
